-- --------------------------------------------------------
-- Host:                         127.0.0.1
-- Server version:               10.4.14-MariaDB - mariadb.org binary distribution
-- Server OS:                    Win64
-- HeidiSQL Version:             11.1.0.6116
-- --------------------------------------------------------

/*!40101 SET @OLD_CHARACTER_SET_CLIENT=@@CHARACTER_SET_CLIENT */;
/*!40101 SET NAMES utf8 */;
/*!50503 SET NAMES utf8mb4 */;
/*!40014 SET @OLD_FOREIGN_KEY_CHECKS=@@FOREIGN_KEY_CHECKS, FOREIGN_KEY_CHECKS=0 */;
/*!40101 SET @OLD_SQL_MODE=@@SQL_MODE, SQL_MODE='NO_AUTO_VALUE_ON_ZERO' */;
/*!40111 SET @OLD_SQL_NOTES=@@SQL_NOTES, SQL_NOTES=0 */;


-- Dumping database structure for psikotestbox
CREATE DATABASE IF NOT EXISTS `psikotestbox` /*!40100 DEFAULT CHARACTER SET utf8mb4 */;
USE `psikotestbox`;

-- Dumping structure for table psikotestbox.profil
CREATE TABLE IF NOT EXISTS `profil` (
  `id` int(11) NOT NULL AUTO_INCREMENT,
  `nama` varchar(128) CHARACTER SET latin1 NOT NULL,
  `email` varchar(128) CHARACTER SET latin1 NOT NULL,
  `password` varchar(128) CHARACTER SET latin1 NOT NULL,
  `tanggal_lahir` date NOT NULL,
  `pendidikan` varchar(255) DEFAULT NULL,
  `telepon` int(11) DEFAULT NULL,
  `posisi` varchar(255) DEFAULT NULL,
  PRIMARY KEY (`id`),
  KEY `nama` (`nama`),
  KEY `email` (`email`),
  KEY `password` (`password`),
  CONSTRAINT `FK_profil_user` FOREIGN KEY (`email`) REFERENCES `user` (`email`),
  CONSTRAINT `FK_profil_user_2` FOREIGN KEY (`nama`) REFERENCES `user` (`name`),
  CONSTRAINT `FK_profil_user_3` FOREIGN KEY (`password`) REFERENCES `user` (`password`)
) ENGINE=InnoDB AUTO_INCREMENT=7 DEFAULT CHARSET=utf8mb4;

-- Dumping data for table psikotestbox.profil: ~2 rows (approximately)
/*!40000 ALTER TABLE `profil` DISABLE KEYS */;
INSERT INTO `profil` (`id`, `nama`, `email`, `password`, `tanggal_lahir`, `pendidikan`, `telepon`, `posisi`) VALUES
	(1, 'Ahmad Farhan Zuhdi', 'ahaninfo5@gmail.com', '$2y$10$vWBFG4F6l7nXhsBwpfYIfuyd8LWygVOQdnu7RaBWDnYvJMgfOX.aG', '2020-11-30', 'D3', 88888, 'IT'),
	(2, 'Fadli Firdaus', 'fadlifirdaus@gmail.com', '$2y$10$uJLoR81Iqg0QeGSYZbykSu2O4ME0C6WAZpCSkG3zx6ccX4iamynQC', '2020-12-14', 'D3', 888889, 'IT');
/*!40000 ALTER TABLE `profil` ENABLE KEYS */;

-- Dumping structure for table psikotestbox.soal_essay
CREATE TABLE IF NOT EXISTS `soal_essay` (
  `id` int(11) NOT NULL AUTO_INCREMENT,
  `pertanyaan` varchar(255) DEFAULT NULL,
  `gambar` varchar(255) DEFAULT NULL,
  `topik` varchar(50) DEFAULT NULL,
  PRIMARY KEY (`id`)
) ENGINE=InnoDB AUTO_INCREMENT=5 DEFAULT CHARSET=utf8mb4;

-- Dumping data for table psikotestbox.soal_essay: ~4 rows (approximately)
/*!40000 ALTER TABLE `soal_essay` DISABLE KEYS */;
INSERT INTO `soal_essay` (`id`, `pertanyaan`, `gambar`, `topik`) VALUES
	(1, 'Tampilkan data yang memiliki type account "P" dan mengandung nomor handphone yang awalnya 0812', 'essay1.png', 'SQL'),
	(2, 'Tampilkan data yang memiliki type account "P" dan ascending saldo', 'essay1.png', 'SQL'),
	(3, 'Temukan data transaksi yang duplikat', 'essay2.png', 'EXCEL'),
	(4, 'Berapa jumlah keseluruhan data transaksi yang benar tanpa adanya data transaksi yang duplikat', 'essay2.png', 'EXCEL');
/*!40000 ALTER TABLE `soal_essay` ENABLE KEYS */;

-- Dumping structure for table psikotestbox.soal_pilgan
CREATE TABLE IF NOT EXISTS `soal_pilgan` (
  `id` int(11) NOT NULL AUTO_INCREMENT,
  `topik` varchar(255) DEFAULT NULL,
  `pertanyaan` varchar(500) DEFAULT NULL,
  `jawaban` varchar(255) DEFAULT NULL,
  `alt_satu` varchar(255) DEFAULT NULL,
  `alt_dua` varchar(255) DEFAULT NULL,
  `alt_tiga` varchar(255) DEFAULT NULL,
  `alt_empat` varchar(255) DEFAULT NULL,
  `gambar` varchar(255) DEFAULT NULL,
  PRIMARY KEY (`id`)
) ENGINE=InnoDB AUTO_INCREMENT=13 DEFAULT CHARSET=utf8mb4;

-- Dumping data for table psikotestbox.soal_pilgan: ~12 rows (approximately)
/*!40000 ALTER TABLE `soal_pilgan` DISABLE KEYS */;
INSERT INTO `soal_pilgan` (`id`, `topik`, `pertanyaan`, `jawaban`, `alt_satu`, `alt_dua`, `alt_tiga`, `alt_empat`, `gambar`) VALUES
	(1, 'pemahaman', 'Nilai siapakah yang lebih tinggi dari soal berikut di bawah: Nilai Bima lebih jelek dari nilai Ema. Nilai Dian lebih bagus dari nilai Ali. Nilai Bima lebih bagus dari nilai Citra. Nilai Adit sama besar seperti nilai Bima. Nilai Ema lebih kecil dari nilai Dian ?', 'Nilai Dian', 'Nilai Bima', 'Nilai Ema', 'Nilai Ali', 'Nilai Adit', NULL),
	(2, 'sinonim', 'GAP', 'Kesenjangan', 'Kecanduan', 'Kapitalisme', 'Kemerosotan', 'Kesalahan', NULL),
	(3, 'acak_kata', 'Keras ... Batu', 'Kepala', 'Hati', 'Kaki', 'Pikiran', 'Tangan', NULL),
	(4, 'matematika', 'Yang manakah pecahan dibawah ini yang lebih besar dari 1/3?', '16/45', '27/82', '20/61', '23/100', '20/60', NULL),
	(5, 'matematika', '1/2 + 4x = 10 maka x = ...', '19/8', '-9/8', '5/2', '11/2', '1/2', NULL),
	(6, 'analogi', 'WHITE BOARD : SPIDOL', 'Kanvas : Kuas', 'Pensil : Buku', 'Kertas : Penggaris', 'Sayap : Terbang', 'Sapu : Lidi', NULL),
	(7, 'gambar', 'Perhatikan Gambar Diatas', 'B', 'A', 'C', 'D', 'E', 'soal_gambar_1.jpg'),
	(8, 'pemahaman', 'Siapakah yang paling tua di antara soal berikut: Adi adalah kakak Tono. Tono mempunyai dua orang adik, yaitu Sari dan Intan. Adi adalah kakak Intan. Intan dan Sari adalah anak kembar. Bowo empat tahun lebih tua dari Adi. Tono dua tahun lebih muda dari Adi. Sari adalah adik Bowo.', 'Bowo', 'Tono', 'Sari', 'Adi', 'Nuri', NULL),
	(9, 'sinonim', 'ACCOUNT', 'Rekening', 'Saldo', 'Aktiva', 'Kas', 'Laporan', NULL),
	(10, 'acak_kata', 'Tangan ... Akal', 'Panjang', 'Tumpul', 'Pendek', 'Pikiran', 'Lebar', NULL),
	(11, 'analogi', 'POHON : BUAH', 'Sapi : Susu', 'Papantulis : Diktat', 'Jentik : Nyamuk', 'Pelanggaran : Hukuman', 'Lelah : Istirahat', NULL),
	(12, 'gambar', 'Perhatikan Gambar Diatas', 'A', 'B', 'C', 'D', 'E', 'soal_gambar_2.jpg');
/*!40000 ALTER TABLE `soal_pilgan` ENABLE KEYS */;

-- Dumping structure for table psikotestbox.test_essay
CREATE TABLE IF NOT EXISTS `test_essay` (
  `id` int(11) NOT NULL AUTO_INCREMENT,
  `user_id` int(11) NOT NULL DEFAULT 0,
  `start_date` datetime DEFAULT NULL,
  `end_date` datetime DEFAULT NULL,
  `due_date` datetime DEFAULT NULL,
  `selesai` tinyint(1) DEFAULT NULL,
  `nilai` int(11) DEFAULT NULL,
  `jawaban` varchar(255) DEFAULT NULL,
  PRIMARY KEY (`id`),
  KEY `user_id` (`user_id`),
  CONSTRAINT `FK_test_essay_user` FOREIGN KEY (`user_id`) REFERENCES `user` (`id`)
) ENGINE=InnoDB AUTO_INCREMENT=5 DEFAULT CHARSET=utf8mb4;

-- Dumping data for table psikotestbox.test_essay: ~1 rows (approximately)
/*!40000 ALTER TABLE `test_essay` DISABLE KEYS */;
INSERT INTO `test_essay` (`id`, `user_id`, `start_date`, `end_date`, `due_date`, `selesai`, `nilai`, `jawaban`) VALUES
	(4, 1001, '2020-12-14 23:37:08', '2020-12-14 23:37:26', NULL, 1, 0, NULL);
/*!40000 ALTER TABLE `test_essay` ENABLE KEYS */;

-- Dumping structure for table psikotestbox.test_pilgan
CREATE TABLE IF NOT EXISTS `test_pilgan` (
  `id` int(11) NOT NULL AUTO_INCREMENT,
  `user_id` int(11) NOT NULL DEFAULT 0,
  `start_date` datetime DEFAULT NULL,
  `end_date` datetime DEFAULT NULL,
  `due_date` datetime DEFAULT NULL,
  `selesai` tinyint(1) DEFAULT NULL,
  `nilai` int(11) DEFAULT NULL,
  `jawaban1` tinyint(1) DEFAULT NULL,
  `jawaban2` tinyint(1) DEFAULT NULL,
  `jawaban3` tinyint(1) DEFAULT NULL,
  `jawaban4` tinyint(1) DEFAULT NULL,
  `jawaban5` tinyint(1) DEFAULT NULL,
  `jawaban6` tinyint(1) DEFAULT NULL,
  `jawaban7` tinyint(1) DEFAULT NULL,
  `jawaban8` tinyint(1) DEFAULT NULL,
  `jawaban9` tinyint(1) DEFAULT NULL,
  `jawaban10` tinyint(1) DEFAULT NULL,
  PRIMARY KEY (`id`),
  KEY `user_id` (`user_id`),
  CONSTRAINT `FK_test_pilgan_user` FOREIGN KEY (`user_id`) REFERENCES `user` (`id`)
) ENGINE=InnoDB AUTO_INCREMENT=105 DEFAULT CHARSET=utf8mb4;

-- Dumping data for table psikotestbox.test_pilgan: ~15 rows (approximately)
/*!40000 ALTER TABLE `test_pilgan` DISABLE KEYS */;
INSERT INTO `test_pilgan` (`id`, `user_id`, `start_date`, `end_date`, `due_date`, `selesai`, `nilai`, `jawaban1`, `jawaban2`, `jawaban3`, `jawaban4`, `jawaban5`, `jawaban6`, `jawaban7`, `jawaban8`, `jawaban9`, `jawaban10`) VALUES
	(78, 1, '2020-12-06 17:42:43', NULL, '2020-12-06 18:12:43', 0, NULL, 0, 1, 1, 1, 0, 0, 1, 1, 0, 0),
	(79, 1, '2020-12-06 18:23:48', NULL, '2020-12-06 18:53:48', 0, NULL, 0, 0, 0, 0, 0, 0, NULL, NULL, NULL, 0),
	(80, 1, '2020-12-06 19:46:11', NULL, '2020-12-06 20:16:11', 0, NULL, 1, 0, 0, 0, 0, 0, 0, 0, 1, 1),
	(81, 1, '2020-12-10 05:50:55', '2020-12-10 00:06:10', '2020-12-10 06:20:55', 1, NULL, 1, 0, 1, 0, 0, 0, 0, 0, 1, 1),
	(82, 1, '2020-12-10 06:40:46', '2020-12-10 06:41:11', '2020-12-10 07:10:46', 1, 0, 0, 0, 0, 0, 0, 0, 0, 0, 0, 0),
	(83, 1, '2020-12-10 06:41:29', '2020-12-10 06:45:14', '2020-12-10 07:11:29', 1, 10, 0, NULL, NULL, NULL, NULL, NULL, NULL, NULL, 1, 0),
	(92, 1, '2020-12-11 06:22:50', '2020-12-11 06:25:21', '2020-12-11 06:52:50', 1, 70, 0, 0, 1, 1, 0, 1, 1, 1, 0, 1),
	(95, 1, '2020-12-12 19:59:17', '2020-12-12 20:03:01', '2020-12-12 20:29:17', 1, 100, 1, 1, 1, 1, 1, 1, 1, 1, 1, 1),
	(96, 1, '2020-12-13 10:00:54', '2020-12-13 10:01:18', '2020-12-13 10:30:54', 1, 30, 1, 0, 0, 1, 0, 0, 0, 0, 1, 0),
	(98, 1, '2020-12-13 18:40:24', '2020-12-13 18:51:12', '2020-12-13 19:10:24', 0, 80, 1, 1, 1, 1, 0, 1, 1, 1, 1, 0),
	(99, 2, '2020-12-13 19:09:51', '2020-12-13 19:13:41', '2020-12-13 19:39:51', 1, 50, 1, 0, 0, 1, 0, 0, 1, 0, 1, 1),
	(100, 2, '2020-12-14 06:17:56', '2020-12-14 06:18:57', '2020-12-14 06:47:56', 1, 0, 0, 0, NULL, NULL, NULL, NULL, NULL, NULL, 0, 0),
	(102, 1002, '2020-12-14 07:06:41', '2020-12-14 07:07:54', '2020-12-14 07:36:41', 1, 20, 0, 0, 0, 0, 1, 1, 0, 0, 0, 0),
	(103, 1002, '2020-12-14 21:04:32', '2020-12-14 21:05:51', '2020-12-14 21:34:32', 1, 10, 0, NULL, NULL, NULL, NULL, NULL, NULL, NULL, 1, 0),
	(104, 1001, '2020-12-14 22:36:25', '2020-12-14 22:39:35', '2020-12-14 23:06:25', 1, 30, 1, 1, 0, 0, 0, 0, 1, 0, 0, 0);
/*!40000 ALTER TABLE `test_pilgan` ENABLE KEYS */;

-- Dumping structure for table psikotestbox.user
CREATE TABLE IF NOT EXISTS `user` (
  `id` int(11) NOT NULL AUTO_INCREMENT,
  `name` varchar(128) NOT NULL,
  `email` varchar(128) NOT NULL,
  `image` varchar(128) NOT NULL,
  `password` varchar(256) NOT NULL,
  `role_id` int(11) NOT NULL,
  `is_active` int(1) NOT NULL,
  `date_created` int(11) NOT NULL,
  PRIMARY KEY (`id`),
  KEY `name` (`name`),
  KEY `email` (`email`),
  KEY `password` (`password`)
) ENGINE=InnoDB AUTO_INCREMENT=1005 DEFAULT CHARSET=latin1;

-- Dumping data for table psikotestbox.user: ~1,004 rows (approximately)
/*!40000 ALTER TABLE `user` DISABLE KEYS */;
INSERT INTO `user` (`id`, `name`, `email`, `image`, `password`, `role_id`, `is_active`, `date_created`) VALUES
	(1, 'Kendal Jenner', 'ivory.morissette@example.net', 'testimonial-3.jpg', 'd229f46a9def27622b074f1abc0f58a3c2e7f08f', 2, 1, 0),
	(2, 'Drake', 'josiah74@example.org', 'testimonial-5.jpg', '3f57a787da3bee4bb462349d2cb4ea77851ce7d9', 2, 1, 0),
	(3, 'Kaylah Erdman', 'summer.stroman@example.net', 'team5.jpg', '7682a8a417c7f8efcace657c60fb4a85f66e164a', 2, 1, 0),
	(4, 'Cristiano Ronaldo', 'derek.barrows@example.org', 'testimonial-2.jpg', 'e27a5b91d287d27677209a7139d41eb5c9ee217d', 2, 1, 0),
	(5, 'Kylian Mbappe', 'liliana.rogahn@example.org', 'testimonial-1.jpg', '873f8bc38ceec68591cb932f5a24cfc27ad9339d', 2, 1, 0),
	(6, 'Karim Benzema', 'eden60@example.org', 'testimonial-4.jpg', '20413060c6bf02318e56a9f5698ecf05dbc3b4d9', 2, 1, 0),
	(7, 'Ernesto Klocko', 'carmela.white@example.com', 'team8.jpg', 'ac10399c7b0d631f74e7af461ddee6cc16cef466', 2, 1, 0),
	(8, 'Natalia Rohan', 'lpredovic@example.org', 'team6.jpg', '16b26b54ee3c54ec39b952d27470b920e006ba12', 2, 1, 0),
	(9, 'Geovanny Muller', 'guillermo.koelpin@example.net', 'team7.jpg', 'b400b29ff076157511cd29afb0ec7cfd09d79b48', 2, 1, 0),
	(10, 'Dave Willms', 'hackett.eloisa@example.org', '', '7e443da2a52003ab416f51cfac720931205140c5', 2, 1, 0),
	(11, 'Jose Robel', 'robert.russel@example.org', '', '5dac380ea169fe2c63a34da62c0a625f302e8171', 2, 1, 0),
	(12, 'Shyanne Klein III', 'dolores.luettgen@example.com', '', '3aa679ba27e0e9a8c08503c86bbabdb8811646d6', 0, 1, 0),
	(13, 'Enrique Mayert', 'pbogan@example.net', '', 'bc0da1201f29ac9c4efb20a287bf3c67a52c7a9b', 0, 1, 0),
	(14, 'Dr. Albert Hamill IV', 'rebeca39@example.net', '', 'd0b9239078ecf0fcfab34f0b9e9f0921bf0abd1a', 0, 0, 0),
	(15, 'Krystel Shanahan', 'cathrine.murray@example.org', '', 'd27a178f6c0deb16a8350dc86dfafe8c17f5843f', 0, 0, 0),
	(16, 'Quinn Howell', 'cwisoky@example.org', '', '93b1d1ac3f221b92c3142f3b186a44f022af964b', 0, 0, 0),
	(17, 'Miles Wiza', 'pdurgan@example.net', '', '21a9549889320a92fc77640b3c62757974b0af1b', 0, 1, 0),
	(18, 'Zoie Gislason III', 'elsa.o\'hara@example.com', '', 'b4afb0ebd36e750d5b30cff9cb7a0f1c626fd82c', 0, 0, 0),
	(19, 'Winona Harris II', 'betsy64@example.net', '', 'aafb47c75ba57d2f4d281568f47dce2422644576', 0, 1, 0),
	(20, 'Ivah Marquardt Sr.', 'elsie.weissnat@example.com', '', '007bd44741516f23cbea2493a207bee04e94275d', 0, 0, 0),
	(21, 'Abraham Casper', 'rgoyette@example.net', '', '0b865f92a651e8047f323a295952f9de9bcef936', 0, 0, 0),
	(22, 'Domenic Ziemann', 'kyla61@example.com', '', 'f2df7a33f7e629f54e6eac1c447d28432d6537b3', 0, 1, 0),
	(23, 'Blair Bergnaum', 'volkman.nyah@example.com', '', 'eec84cf158e8f4064098d6cf2ce52af63c855bd6', 0, 0, 0),
	(24, 'Ardith Russel', 'kassulke.harvey@example.org', '', '6b19efafde8683af70d4541ca30b716d09e3fc2d', 0, 0, 0),
	(25, 'Christian Moore', 'gwindler@example.net', '', '53c800a93ab8b60f4137a49e644e5b4a2cb28ca0', 0, 1, 0),
	(26, 'Mr. Zane O\'Conner V', 'princess.reinger@example.com', '', '2c85c4693f0023641c39ff820e4608bf5b30e9be', 0, 1, 0),
	(27, 'Frieda Aufderhar', 'nathanial.blanda@example.org', '', '11ef7d41289031cbef8bbdd3fac1bdd621a99926', 0, 0, 0),
	(28, 'Hilton Ondricka', 'hane.mylene@example.net', '', '9bf64b6630b11f4a70e322e0809fb9f1a30ec01d', 0, 1, 0),
	(29, 'Mr. Jett Legros', 'dubuque.hassan@example.org', '', 'eeb2b4d31b16e3a4e1d9cfd4829bd24896611be8', 0, 0, 0),
	(30, 'Miss Ada Boyle', 'dnolan@example.org', '', 'e99e5df011e842f26fde7f3da692ca200f2d232c', 0, 0, 0),
	(31, 'Natasha Orn', 'zhahn@example.org', '', '832402b7f1c3907471323875794bd4316b1479ee', 0, 0, 0),
	(32, 'Prof. Angelita Gutmann Jr.', 'zziemann@example.org', '', 'a61367fc4d280594132a0fec307bf8e6185db000', 0, 1, 0),
	(33, 'Trudie Fadel', 'iswift@example.com', '', '386a036d4d1dab5a55c065f48e5e1b386dbe4840', 0, 1, 0),
	(34, 'Cortez Medhurst DDS', 'heidenreich.bret@example.com', '', '5ff34113444b829d227b1b9606c8bef9f4fe4581', 0, 0, 0),
	(35, 'Mr. Buddy Reichert', 'nikki.gusikowski@example.org', '', 'dd65132a02c6e4d93556bfcca89f1320279bf99d', 0, 0, 0),
	(36, 'Lavada Reichel', 'tavares.franecki@example.org', '', '221955f05639c2548c455f40190f5566829fad43', 0, 1, 0),
	(37, 'Adell Leuschke DDS', 'lonzo.kozey@example.org', '', 'cea8973213231913636e93685d7dad5096607a56', 0, 1, 0),
	(38, 'Prof. Reid Moen III', 'ola.d\'amore@example.net', '', 'ff4af7ee5825af18ac949edfe4a258748197fb4a', 0, 0, 0),
	(39, 'Prof. Roel Flatley Sr.', 'dschmitt@example.net', '', 'ed38aa7f8593ab6dd44ab00115b941d222b8e221', 0, 1, 0),
	(40, 'Ian Hoeger', 'leora16@example.org', '', '05d3277db1d5e17bdcc2da5ddd3b2274958bf3b3', 0, 0, 0),
	(41, 'Prof. Trevor Runolfsson Sr.', 'vstrosin@example.org', '', '491d0d1637227023e8d783ebef6d95a9c26ad44e', 0, 1, 0),
	(42, 'Prof. Sandy Leffler PhD', 'dario.veum@example.com', '', '29c34cc838d883dbdebcfe149dd1f3b189e1a905', 0, 0, 0),
	(43, 'Zula Lebsack', 'ydurgan@example.com', '', '0cf216c35bf873e896bf49ebf193c3ffcc744a02', 0, 1, 0),
	(44, 'Leda Witting PhD', 'janiya45@example.net', '', '240715c33da37370b6608c482d0ac14684fd9b7f', 0, 0, 0),
	(45, 'Kraig Russel', 'waters.alisha@example.org', '', '493a9af318b30bf4101a94f29e0da707911865fd', 0, 0, 0),
	(46, 'Harmon Baumbach', 'upton.johnathon@example.com', '', '4cfca9c48a43d62cfba4f5242c01f058f260b618', 0, 0, 0),
	(47, 'Christophe Schoen', 'rasheed.reilly@example.org', '', '3bf1db4f2b08e0476d0a0428b4ac39e53dcc6938', 0, 0, 0),
	(48, 'Dr. Graciela Sawayn II', 'willie.schuster@example.net', '', '0a1e97d3ea4930f2c57b7b71c01cfad90ed585b7', 0, 0, 0),
	(49, 'Prof. Marquis Roob', 'maria65@example.com', '', 'fc7205efae060f08f5f89a0a98d0192fa8833d68', 0, 1, 0),
	(50, 'Dr. Theron Bauch', 'ndooley@example.org', '', '74ec97f72736acc8ec8d47d6f68d8d1ca69a5b8c', 0, 1, 0),
	(51, 'Liza Breitenberg', 'feeney.jany@example.net', '', '2fdbd9e7e800ce9fd735ae931fe794d665f495a4', 0, 0, 0),
	(52, 'Gerhard Mante', 'egrimes@example.net', '', '8f33f19f47a633a6a45f0bfc4c8879d58858aefe', 0, 1, 0),
	(53, 'Reagan Langosh', 'sherwood47@example.com', '', 'f75eb428fa062fdba7afb7b1d674260598619d57', 0, 1, 0),
	(54, 'Serena Gottlieb', 'plockman@example.org', '', 'a8fabd1f8ff67a09251e4ef6d429d9a43850cfa2', 0, 1, 0),
	(55, 'Ms. Bethel Dickinson Jr.', 'gutkowski.marcus@example.com', '', 'e86ffb4f3f84c9462cee6c0daf3eb12209689a50', 0, 0, 0),
	(56, 'Willow Ward', 'brianne.simonis@example.org', '', 'b2f47d181314d4a6c6fd0e12cc192b5591c6c597', 0, 1, 0),
	(57, 'Dr. Ulises Leffler V', 'shields.linnie@example.org', '', 'a26ef523c05617e45d01b5e43254ff3ea897a46a', 0, 1, 0),
	(58, 'Evangeline Connelly', 'nader.layne@example.com', '', '88c8f7050d695e2924895a9fcc3b48bd1b86a1a0', 0, 1, 0),
	(59, 'Dr. Alejandra Trantow', 'upowlowski@example.net', '', '27ff4b7feea8d726d1e6bc924d23d0ba89a15437', 0, 0, 0),
	(60, 'Giovanna Gislason', 'gerlach.herbert@example.org', '', '87bde64a1af0876a4d10d6851507bb69679f2484', 0, 1, 0),
	(61, 'Carolyne Dare', 'conroy.verda@example.org', '', 'f4e6fac790a8b60785c9ba5f0fa66a1b4249b134', 0, 0, 0),
	(62, 'Emie Bergstrom', 'chanel.wehner@example.org', '', '15ccade912d24c3a8e233d9f1d2ca69572cff6ea', 0, 0, 0),
	(63, 'Ms. Anissa Kohler', 'geraldine41@example.net', '', '478f57142cf7d0fb42560fd89effab3b1a8f95f0', 0, 1, 0),
	(64, 'Dr. Rhett Hackett II', 'ondricka.edward@example.org', '', '6dcb20eeb39ed8d059a4988b7012e56a267e3366', 0, 0, 0),
	(65, 'George Bosco', 'lsteuber@example.com', '', '53c43c07f19ffc70b3b03d777bef25c32ad06f2c', 0, 1, 0),
	(66, 'Dr. Florian Muller', 'fkihn@example.com', '', 'c777299552106e8878297b534616fccaa31e19cb', 0, 1, 0),
	(67, 'Mr. Miles Braun Sr.', 'dgreen@example.org', '', '71d6ecf1039919413dab098dc69c9062619d3680', 0, 0, 0),
	(68, 'Dr. Mac Lind V', 'lourdes.cartwright@example.org', '', '8b7a94310d15be6290d0708eacaca3bd4c41454d', 0, 1, 0),
	(69, 'Winfield Goodwin', 'salma82@example.com', '', 'dc06f924decaa437b4454e551366028b349c3ddc', 0, 0, 0),
	(70, 'Pete Wisoky', 'malika.wolff@example.net', '', 'da881ee26f55e9e1bdaba56da42b486838a2d7ba', 0, 1, 0),
	(71, 'Amina O\'Connell', 'jacobs.delores@example.com', '', '091508ad001a8e247111460a99fa450d524333a3', 0, 0, 0),
	(72, 'Bennett Gerlach', 'sid40@example.com', '', 'a798089cfec2e02720e4b748ae21022e46b3d55a', 0, 1, 0),
	(73, 'Newton Zemlak', 'wyman.kariane@example.org', '', 'e576b22a319fa0f2e84ac03c9a03d7263e307a0a', 0, 1, 0),
	(74, 'Mr. Ariel Feest', 'abel19@example.net', '', '57dac8122a8ae4b172d022b479211b2076f9d8c5', 0, 1, 0),
	(75, 'William Klein', 'mraz.norene@example.com', '', '45ab1591c5dc428e361e673daae223e8d3add1e7', 0, 0, 0),
	(76, 'May Crooks', 'horacio15@example.net', '', 'd807dbde24408fc812d81e3444c721c9f4c6bf04', 0, 1, 0),
	(77, 'Mr. Camden Herzog', 'hollie.paucek@example.com', '', '731857c62efaf7f95953d3946752cde8ae5c48c0', 0, 0, 0),
	(78, 'Barbara Wuckert', 'predovic.raymond@example.net', '', '5e05b6290e42db6130cc00a9110f2e3386bb9709', 0, 1, 0),
	(79, 'Reva Mertz', 'cebert@example.org', '', 'd1b41bf07f9fb15d23251bfc687e50309b98f3cc', 0, 0, 0),
	(80, 'Jayne Dicki DDS', 'zdaniel@example.com', '', '224e956794a82a773d259a7e56718fa66d203ff1', 0, 1, 0),
	(81, 'Travon Green', 'wendy92@example.com', '', '2e14a6ef97b97187112655d3c6f4765a1a9813fe', 0, 1, 0),
	(82, 'Miss Mazie Kuphal', 'dzieme@example.com', '', '809b77b2a3f9ddfb88683dafb46bb8c7ed181560', 0, 1, 0),
	(83, 'Allene Fay MD', 'dario.bednar@example.net', '', 'd4b48fe8f716cfb4a52e7fbf45e04eb4e9f424b6', 0, 1, 0),
	(84, 'Felix Bartoletti', 'nhagenes@example.com', '', '6f1eb7a361364555225e8bc63c8e536f7fef37bc', 0, 0, 0),
	(85, 'Lavern Lang', 'ellen.sanford@example.com', '', '0ee48287eae615c30c5ec4a8b96bc9496e27d262', 0, 1, 0),
	(86, 'Mr. Santa Bogan', 'toy.phoebe@example.net', '', '171b759f3d25d19aeff43db94137e7e3395aaedf', 0, 1, 0),
	(87, 'Blaze Ziemann', 'perry.walter@example.org', '', 'd2deea7e012958f16356e0dafd0dad6ea849a4ec', 0, 0, 0),
	(88, 'Efren Murazik', 'giles38@example.net', '', '84e3579a6fe95679797789b18eabab5f0fb3bfca', 0, 1, 0),
	(89, 'Johnathan Bashirian', 'delphia86@example.com', '', 'd0f154a54af54393f816787745a27d20d75f2dbf', 0, 0, 0),
	(90, 'Brent Runolfsson', 'madison.hermann@example.com', '', 'dcbac421b63949b9675219bd3c07d2cca7fbf8b4', 0, 1, 0),
	(91, 'Candelario Dare V', 'fritz.osinski@example.org', '', 'd12148454d450baec8c51043607c5f08d32898f2', 0, 1, 0),
	(92, 'Mr. Kole Boyle DVM', 'bgulgowski@example.net', '', '34be097c8c2d7434f4e111e4f0f59350725e246e', 0, 0, 0),
	(93, 'Emelie D\'Amore', 'jovani.gibson@example.net', '', '28c996bb644b8a28f9ef643ff3230474a773d86b', 0, 0, 0),
	(94, 'Prof. Savannah Gorczany', 'torp.kale@example.com', '', '196ae7010a04a4156eeb3cae5690067aee79902e', 0, 0, 0),
	(95, 'Crystel Ondricka', 'emmalee.stiedemann@example.com', '', '5c6d1d2dfb33209660fedff088583f6206efdc4f', 0, 0, 0),
	(96, 'Reid Glover', 'leffler.caleb@example.org', '', '0ae431435e8e1c25ec8f4c505ade7a56ad24e7a9', 0, 0, 0),
	(97, 'Clair Schumm', 'kenny13@example.net', '', '12763c9e7c95224ef7a1a4a0d0736fac8e9dd2e2', 0, 0, 0),
	(98, 'Cydney Grimes', 'albert.douglas@example.org', '', '1ec021a8dd93176b4627847bd63575fcdaf230e2', 0, 0, 0),
	(99, 'Melvin Bins', 'adrienne27@example.net', '', '2983fe9b4e7b6c0fedfe9559f45604fbbd4ba804', 0, 1, 0),
	(100, 'Ms. Aurore Kris DVM', 'vfisher@example.net', '', 'b7a09b3f2f203a2508e0ea8496540d4ead6dc303', 0, 0, 0),
	(101, 'Prof. Avery Monahan DVM', 'leffler.lilian@example.com', '', '87222a2cd1680bffa12de09d17e6489147dc4161', 0, 1, 0),
	(102, 'Miss Scarlett Hauck', 'edare@example.org', '', 'b1b87eefc038764965a757401401ba35dd4f4607', 0, 0, 0),
	(103, 'Dr. Roselyn Luettgen DDS', 'bernadette.murray@example.org', '', '7507994b476386bba6ac94a82d29b441afbd2027', 0, 1, 0),
	(104, 'Mrs. Amber Stroman', 'cschimmel@example.org', '', '2797c3b616615d64b50e64490a7393bc87b042a2', 0, 1, 0),
	(105, 'Muriel White', 'ankunding.tracy@example.org', '', '34e61d95dba0927c8588c99370aaf09e9425f7a4', 0, 1, 0),
	(106, 'Litzy Rowe Jr.', 'zhoppe@example.com', '', '2e7a58b0eb0e331c15007434954c6c7c5679ce58', 0, 0, 0),
	(107, 'Kiarra Frami', 'zweissnat@example.net', '', '97b1def51b5fa877bd30051ef4700310d2a9135f', 0, 1, 0),
	(108, 'Mrs. Lolita Dach', 'kunde.abagail@example.net', '', '3b597785aef9c9d9c2fa68489e1006537eee9081', 0, 0, 0),
	(109, 'Brain Schneider', 'kiera79@example.net', '', '41e48accd3851a5eb26620fbfe36bea5ddffc2f9', 0, 1, 0),
	(110, 'Ocie Pfannerstill', 'carmen.zulauf@example.com', '', '6c6537cc39dceee0217cfff5b0c61ea538a12dd5', 0, 0, 0),
	(111, 'Terence Green', 'brittany73@example.net', '', 'e060abbe331644cd68cc203f337cfd96b6230992', 0, 1, 0),
	(112, 'Carmel Fadel', 'hheller@example.net', '', 'eb4232be017461f7536458c11f6f9550edf2ad2d', 0, 1, 0),
	(113, 'Dr. Zita Morar MD', 'hegmann.gordon@example.org', '', '9c969efc021fc0e459902b5a7dad3f284fda209b', 0, 0, 0),
	(114, 'Prof. Mazie Zulauf Jr.', 'wstokes@example.com', '', 'cb53312f9e82ba36cebee411aa52d70a4ff6a91d', 0, 1, 0),
	(115, 'Yadira Braun', 'quitzon.vilma@example.net', '', 'fca4e41be59bb2568db7d9654dce07a5fce98d9e', 0, 0, 0),
	(116, 'Evert Barrows', 'russ.moen@example.org', '', 'ea8756362d6ffea4644ae3a5bbda506ef2b79c00', 0, 1, 0),
	(117, 'Hannah Hammes', 'wdare@example.net', '', '5f80c498a0ceb6d47b1369a1c4f7ec5f33ca49cd', 0, 0, 0),
	(118, 'Dr. Baby Ferry DVM', 'ciara.gutkowski@example.com', '', '4d94c6136621dc1f64477dfb391345666789c2a8', 0, 1, 0),
	(119, 'Darwin Steuber II', 'twisoky@example.org', '', '7e264975c403c8930e659d88b4d2bd22b197a178', 0, 0, 0),
	(120, 'Brenna Schmitt', 'oadams@example.com', '', 'f195b559070c0cf2986c5c6cec52a22282c2541b', 0, 1, 0),
	(121, 'Miss Roselyn Miller MD', 'wbatz@example.net', '', 'f0a1341bdf304112cd1314384f2dfcf4fbfaf040', 0, 1, 0),
	(122, 'Albina Nolan', 'kozey.marcelle@example.org', '', 'b55459ae8296723302710460ebe92604af44fc69', 0, 0, 0),
	(123, 'Napoleon Frami DVM', 'russell.ullrich@example.org', '', 'bee10cd579eb15a480137c67230da2f58c165e44', 0, 1, 0),
	(124, 'Dr. Shaylee Hessel', 'stiedemann.camron@example.org', '', 'd24e88b77023978dbea78478ef73f4e3a0e8e27f', 0, 1, 0),
	(125, 'Margarete Marquardt', 'jonathan41@example.org', '', '8441e4ab9477fd49e130c5a87e75f1ce40859529', 0, 0, 0),
	(126, 'Dakota Towne PhD', 'liza.reynolds@example.com', '', '52f142eabb8f14c8901b885c50e900a01d2c5dcc', 0, 0, 0),
	(127, 'Rene Emard', 'berge.dashawn@example.org', '', '58baf460116e28d6bb8a4f9777f59b367c064627', 0, 1, 0),
	(128, 'Bret Hodkiewicz', 'odell.bradtke@example.net', '', '5630c12223cced8781013c75e885364c04aa7889', 0, 1, 0),
	(129, 'Mr. Roberto Fay', 'lavada96@example.com', '', '29c489b4b321fd3f8b6875c677be3f65cedaf895', 0, 0, 0),
	(130, 'Minnie Graham', 'alberto86@example.net', '', 'f7926b09e15f6c66a400394a0191f8ee8118e953', 0, 0, 0),
	(131, 'Mr. Don Conn DDS', 'fmacejkovic@example.org', '', '9aa7bcde98c98ec2d394603ff8a335aa8a5117e1', 0, 1, 0),
	(132, 'Dr. Sherwood Daniel', 'lonie33@example.org', '', 'bf1d7b46074fe2550837b35770cde6a87a631afb', 0, 0, 0),
	(133, 'Dr. Quentin Schowalter', 'lakin.emmie@example.net', '', '0ea421156c637d1009f4006325d9c1f2d9eb1aed', 0, 1, 0),
	(134, 'Christ Graham', 'eudora05@example.org', '', 'd8b2b9b504abdbdfb2b362bbf582a13735e4a228', 0, 0, 0),
	(135, 'Christop Rohan', 'mrenner@example.com', '', '607cc2c42430339edf4bf2c28f6c41de6a19ea32', 0, 1, 0),
	(136, 'Gina Brown', 'sam63@example.net', '', '17bbde0eca403419fb633871ab95986c74bd67b5', 0, 0, 0),
	(137, 'Betsy Stanton', 'spinka.enoch@example.org', '', '6276f7e5f742bc05bd421a123d8dd2c5a2108e66', 0, 1, 0),
	(138, 'Dandre Ledner', 'denesik.lindsay@example.com', '', '8df80e502ffc2e02be609b6d5f861736d16120b8', 0, 0, 0),
	(139, 'Ms. Novella Goyette', 'streich.aurelio@example.com', '', 'fbd7a3d7b2ae303051a1903c1547676d8e21523c', 0, 0, 0),
	(140, 'Cordelia Batz', 'emoen@example.net', '', 'e61b563b916f0ff21380acaf30deb2c6fa039589', 0, 0, 0),
	(141, 'Theresa Baumbach', 'marcus.altenwerth@example.org', '', '0a537cfa4aef57ea5ab60724af5e33fb7f4fa4de', 0, 0, 0),
	(142, 'Ms. Hosea Hamill V', 'uratke@example.com', '', '0da7a617f31598940306b3c418a020d6442fdf71', 0, 0, 0),
	(143, 'Wilma Sanford', 'rozella.kautzer@example.net', '', 'ffe2fe0dd8a6d63bf1b61a19fe36452eaecbe59b', 0, 0, 0),
	(144, 'Victor Kunze', 'bashirian.yazmin@example.com', '', 'e289190eaee52a389f3afc041eb5fc621c8bda22', 0, 1, 0),
	(145, 'Darrell Grant', 'swift.donny@example.net', '', '621f59fa799d2838ddb420fcad49961b06dd07fb', 0, 1, 0),
	(146, 'Sidney Hyatt', 'alverta60@example.net', '', '300f684f8228c9bd4a53c4daa6c96dcf8a5efcdd', 0, 1, 0),
	(147, 'Lisa Gulgowski', 'terrell89@example.org', '', 'f126212621e5d6d334680e296ed806413247d39d', 0, 0, 0),
	(148, 'Rick Swift', 'janessa.will@example.net', '', 'd1c3deeb507472a6ba6e21a3fbd23e12eb8220e2', 0, 1, 0),
	(149, 'Vincenzo Feil', 'eusebio25@example.org', '', '9edaecdfca67b0e090fc59aa6e349bbdf761bda9', 0, 0, 0),
	(150, 'Prof. Elwyn Willms Sr.', 'derick49@example.org', '', '747d8bbb2a93ee46ca849b7005d8232a628b226f', 0, 0, 0),
	(151, 'Isac Zulauf', 'hubert.kautzer@example.net', '', '6556691a0ef8aa66867b1fcb8d271024e14ca849', 0, 0, 0),
	(152, 'Ms. Aracely O\'Hara', 'garrett38@example.net', '', '49a5922f4c14f899c330408d11eb9ba23674b304', 0, 1, 0),
	(153, 'Mr. Cletus Harris', 'gorczany.felipa@example.net', '', '4d995a38409c230323934ee6a1cc16d116252a74', 0, 1, 0),
	(154, 'Velda Glover V', 'antone57@example.net', '', '9c734893bb750fb6c23847816c40d0de579d18d1', 0, 0, 0),
	(155, 'Ms. Bria Pfeffer IV', 'kbatz@example.com', '', '33f3f8a57521a3ae1c892d785c3fae4b59266e60', 0, 0, 0),
	(156, 'Mohammed Hartmann', 'elliott23@example.org', '', 'f4a8c561521d0fef9091ce2b402974a9ef1887e2', 0, 1, 0),
	(157, 'Amiya Swaniawski', 'greenholt.mae@example.net', '', '36a5aa3b88ba0ae571cdd412714afaea35d607d8', 0, 0, 0),
	(158, 'Prof. Theodora Koepp V', 'austin73@example.org', '', '815be5c788d50d76602d5ce7001cf33dc87f888c', 0, 0, 0),
	(159, 'Liliana Strosin', 'harvey.josiane@example.net', '', '2b8cc5ebb8ab72a9384fe008670a1c5f6a16cf17', 0, 1, 0),
	(160, 'Reginald Grant', 'craynor@example.com', '', 'f76b75cfb924222ccccb64d4de9aaf1dcfe26feb', 0, 0, 0),
	(161, 'Leopold Vandervort', 'bonita67@example.org', '', '2e47b80bf8b1b68cad58e8df0acfc6ac632629f0', 0, 1, 0),
	(162, 'Prof. Brayan Crona', 'caleigh77@example.com', '', '000dd26a28cf8f08c25aaef8726d31d71fc58b82', 0, 0, 0),
	(163, 'Danika Runte', 'mavis68@example.net', '', 'c57949f3a4a27ea01be21ed46c7edfc571a65930', 0, 0, 0),
	(164, 'Litzy Romaguera', 'ardella49@example.org', '', 'd16e8e55b10eb86222ae991afe92360f799f1c7e', 0, 1, 0),
	(165, 'Geraldine Little', 'ludwig27@example.net', '', '1407659214faf967bda477b7592df98033b1666d', 0, 1, 0),
	(166, 'Miller Schneider', 'ernest.spencer@example.net', '', '5c226951ced1f263fa1370dfde46ab91316285e8', 0, 0, 0),
	(167, 'Dr. Murl Lockman', 'schmitt.magdalena@example.net', '', '6e39dad1b09d77b2f105a08b8163f06f8cc492df', 0, 0, 0),
	(168, 'Dr. Maureen Considine Jr.', 'kory89@example.net', '', '431e961ab0152d818519e34955ba88fb3aa31bc0', 0, 1, 0),
	(169, 'Jenifer Powlowski', 'zola99@example.org', '', '92d3bf9710d9732613bd8e5d730d19b8a9aee745', 0, 0, 0),
	(170, 'Terry Adams', 'dorothy01@example.org', '', '9d083727efa312cc00bbfe09cf15e956f5045dc3', 0, 0, 0),
	(171, 'Carmela Sipes', 'mueller.alfredo@example.net', '', '30082e26c75eb65567d7bdfd4b1179e6d3315060', 0, 1, 0),
	(172, 'Amelie Schulist', 'effertz.gunner@example.com', '', 'a79814e2481e990b64f4a84ab0bc4daf33fc748f', 0, 0, 0),
	(173, 'Clemens Waelchi', 'gpadberg@example.net', '', 'abb104ec2925faefe543951bee6e7da9e9f2434e', 0, 1, 0),
	(174, 'Devante Price', 'thelma65@example.org', '', '0819b1735c1ce2e284feb6257d7697acff9c0e6e', 0, 1, 0),
	(175, 'Rick Bernier', 'veum.eden@example.com', '', '50069f1f73a57380f19e7458a1b1f5b0da0e63ab', 0, 0, 0),
	(176, 'Rey Stoltenberg DVM', 'kathryn50@example.net', '', '9bdbfd5cae1eff73f18d7611f240961fb46feef1', 0, 1, 0),
	(177, 'Randi Lueilwitz', 'alexandrea.stanton@example.org', '', 'ba4672fd462f7c0a9a374a2235941d0002c66bd9', 0, 0, 0),
	(178, 'Miss Providenci Kohler', 'stone02@example.org', '', '228069f88f564c3a6965f928cd82636f500c9316', 0, 1, 0),
	(179, 'Myron McClure', 'carroll.concepcion@example.org', '', '1938f2bb1edc4e41fa4903a281158e8757c7e841', 0, 0, 0),
	(180, 'Gayle Upton', 'dgislason@example.com', '', '3b10cd8cf3f7906b9528e6680cfa7eab32910033', 0, 0, 0),
	(181, 'Ms. Violet Dooley', 'ysatterfield@example.org', '', '1cce41fcc02eba81d7bb5d81f976afe154e9ada0', 0, 1, 0),
	(182, 'Clinton Blick MD', 'emilie15@example.org', '', 'd9dd090dccbfd01ec805ba2a18b0f8c0804d1ac2', 0, 1, 0),
	(183, 'Cloyd Abshire', 'ablick@example.com', '', '4e44ddc11cf8da8a7345d1cbbf98cb1adaaf8fb8', 0, 1, 0),
	(184, 'Miss Lessie Kunze V', 'zoie54@example.net', '', '00f640832ea6b23a980d8eee5e1934fd89b5e75b', 0, 1, 0),
	(185, 'Mr. Niko Marvin I', 'ole.koch@example.com', '', '97a2b6217a2130cf819032c9d5eb6b2136b99ef4', 0, 0, 0),
	(186, 'Makenna DuBuque', 'francisca58@example.net', '', 'a0388f2d0c7a63e347814d4d04cddaf2b6e1ea6d', 0, 0, 0),
	(187, 'Dr. Isom Gleason MD', 'saul01@example.com', '', '74854f2b8fa771ad16962fa8a17a7bcc8f66cd10', 0, 1, 0),
	(188, 'Lauretta Ruecker', 'olin.stokes@example.com', '', '0c57a8b3d110e210500c8bc035b7e8b302de25dc', 0, 0, 0),
	(189, 'Lavina Becker', 'fweissnat@example.org', '', '1118a9a9cc1833639edafd9e2201bb5b3135aed9', 0, 0, 0),
	(190, 'Miss Shayna Parker', 'hoeger.antonia@example.com', '', 'd9a2f7a921d10a3bdee2027ccd053cb0bce8cc43', 0, 1, 0),
	(191, 'Prof. Gwen Kulas', 'jeremie.lakin@example.org', '', 'c2ac613a2f738d293fa34f20f53cf628847ccebc', 0, 1, 0),
	(192, 'Mr. Charlie Reichel II', 'jjakubowski@example.org', '', '9384d0aa2102772c48f5147e8928d4326ab99cfb', 0, 0, 0),
	(193, 'Nolan Sanford', 'reagan.towne@example.net', '', '997fdae149e095b2fb4b6a440dadd51d8d9170d8', 0, 1, 0),
	(194, 'Karine Hodkiewicz', 'denesik.michael@example.org', '', '45c2f1a332470fd62983dcf4c124941ea851cd19', 0, 0, 0),
	(195, 'Nicole Boyle PhD', 'kulas.dexter@example.com', '', 'e820d6d30f81b3b6eb7b598755300a0f2a2f72c3', 0, 1, 0),
	(196, 'Hudson King', 'simonis.adaline@example.net', '', 'd4e80b0adca195749741a34e8ccef8ce92b7d66d', 0, 0, 0),
	(197, 'Mr. Garnet McGlynn', 'renner.rahul@example.org', '', '27f46f4545718a973241e9a3a9a37adf8f915ca6', 0, 0, 0),
	(198, 'Angie Dibbert IV', 'mo\'connell@example.org', '', '64c2473ac5b723355eab896b7519693f712bf42a', 0, 0, 0),
	(199, 'Natasha Prosacco', 'myra.franecki@example.org', '', '6c0b76075b70c9f88087c93d725819116824f78a', 0, 0, 0),
	(200, 'Dr. Chaim Renner', 'hessel.lisandro@example.net', '', 'f1f886ca86d608f1c16cf59877162fa827ea8ef0', 0, 0, 0),
	(201, 'Anita Jenkins PhD', 'odie09@example.org', '', '85de9d97dfeb6f64fbe6a02153dc982b9a0c9e3b', 0, 0, 0),
	(202, 'Miss Norma Schuster DDS', 'sporer.tommie@example.com', '', '6d75c91400182cfed15624fa7a60dab635faa4a8', 0, 0, 0),
	(203, 'Leonie Will', 'grimes.mia@example.com', '', '54a71f6b6095e702743e9627cb16ec545160d5d0', 0, 0, 0),
	(204, 'Joelle Fahey DDS', 'kaylee.grant@example.net', '', 'a42ac3994bc0f1f66d2b35f9f296f570ccec2ce1', 0, 1, 0),
	(205, 'Chris Durgan', 'cleora.raynor@example.org', '', '9a2590ebf30967d0c98779024e976aba09ce5f05', 0, 0, 0),
	(206, 'Lorenzo Stanton', 'kameron.steuber@example.com', '', '0d2b539fc1bfe32c81fb4b09345a3081db0af2a6', 0, 0, 0),
	(207, 'Miss Odessa Medhurst', 'fpadberg@example.com', '', '2697f4cff855494acce7efa5ebddc9cc056b5fd1', 0, 0, 0),
	(208, 'Miss Leda Von', 'stroman.immanuel@example.org', '', '80c13f065898e696f385c4106988a8fe2c2e0033', 0, 0, 0),
	(209, 'Kasandra O\'Hara V', 'zwiegand@example.org', '', '94b3f07ca89219fd7b0cd580c5d6fcec51e0a372', 0, 0, 0),
	(210, 'Gracie Gottlieb', 'angelita.lynch@example.net', '', '5103a1725ae52b7c168cf6a92acf9ce67b66c303', 0, 1, 0),
	(211, 'Miss Karlee Kshlerin', 'berenice45@example.net', '', '3241236d6f74e5fffbbe24700865bb87c558321d', 0, 0, 0),
	(212, 'Ms. Christiana Ryan PhD', 'art.harvey@example.net', '', 'd5cc67f86052a1f2c7ed2823d4ad18635d137ea2', 0, 0, 0),
	(213, 'Alphonso Bergstrom', 'obartoletti@example.org', '', '1f570db6d802cc08b888e553f29f8beb11667307', 0, 1, 0),
	(214, 'Eduardo Pfannerstill', 'chris77@example.org', '', '7e3b63a8a7e3f5fba53e0fdb420dfdc15f67d367', 0, 1, 0),
	(215, 'Wilburn D\'Amore', 'jessica91@example.net', '', 'a5ae3e230f9d66f00f67db86ae97e5f6adf206c7', 0, 0, 0),
	(216, 'Gabrielle Kautzer', 'jason54@example.net', '', 'ed9cb14a6a5e104fd1ade91b5ce47f669f84cf88', 0, 0, 0),
	(217, 'Lexus Herman', 'walker.jacobs@example.net', '', '3713be19298d72a8e264e4aab314aa1dc3856bc0', 0, 0, 0),
	(218, 'Miss Charlotte Armstrong Jr.', 'reichel.mekhi@example.org', '', '4406ed342a30a5a98e468c08b8ff2f0b89ee1e38', 0, 1, 0),
	(219, 'Gardner Langworth IV', 'koss.adrain@example.org', '', 'f7ba7eaca4b358d8bf16d9f3f4b0b75a165da865', 0, 0, 0),
	(220, 'Jamel Hamill Jr.', 'marty.rice@example.org', '', '457a6654cc27937eb3a97e211ec3de86da3a08a5', 0, 0, 0),
	(221, 'Allan Upton', 'joanny.towne@example.com', '', 'c80d9786e905f2e01a1a008c171caa087e0b3655', 0, 1, 0),
	(222, 'Mr. Duncan Grimes DDS', 'nicholaus.sauer@example.com', '', '10b7de942dcd0fc3d33d22b7c103fe16efd988c8', 0, 0, 0),
	(223, 'Davion Lemke', 'marilou24@example.org', '', '14f715031c3a755483bb7a36014a8229529557f8', 0, 1, 0),
	(224, 'Krystel Jakubowski', 'ambrose48@example.com', '', 'f1a38152433835790ba2658f1e7ba9eade1f26c5', 0, 1, 0),
	(225, 'Mireille Johns', 'dana93@example.com', '', '1ba4be2bae7a58efee689e73531cbab48623c992', 0, 1, 0),
	(226, 'Eli Funk', 'kylee.schneider@example.net', '', '0c8b8582d9931463b1ebd38d16e71b6247033fd6', 0, 0, 0),
	(227, 'Dr. Brianne Friesen', 'rippin.kelley@example.com', '', 'c05ce4a13d66d332a25d153ad3405b4fe4ed2f6c', 0, 1, 0),
	(228, 'Dr. Orval Lueilwitz', 'schumm.wyatt@example.com', '', 'c2f9adba4e169698ff09bb97dc3ebf84b436c080', 0, 0, 0),
	(229, 'Chyna Langworth', 'anika.wuckert@example.net', '', '06cafedead8b7103a6fcd7a795f818ccb9c57c05', 0, 0, 0),
	(230, 'Troy Harris', 'ronny.rice@example.org', '', '8943702e6928e11cd9feff5a84e15062e0d02c8c', 0, 1, 0),
	(231, 'Shanelle Gorczany', 'suzanne79@example.net', '', '01a2c6799ae1bf844644c3ee64f3450fc73cb857', 0, 1, 0),
	(232, 'Rory West PhD', 'yharvey@example.org', '', '84387cf4407779521afcc88bb94e3b6f4c5af3b8', 0, 1, 0),
	(233, 'Dr. Bart Wuckert', 'pgrant@example.org', '', '4ca91f5ac037501e1832f543bb3d2782ad2cf2c1', 0, 1, 0),
	(234, 'Cora Sauer', 'mcclure.rozella@example.net', '', 'bc8d7fb93850942058d623872ffecaa85367df00', 0, 1, 0),
	(235, 'Lamont Kutch IV', 'roy.cummerata@example.org', '', '9fc5db9521ed771ea1d3467a409360fff2f4c2a3', 0, 1, 0),
	(236, 'Dena Renner IV', 'sheldon.robel@example.com', '', 'c377be27222e3822443e454e8276ef62ff9e8977', 0, 0, 0),
	(237, 'Gabrielle Pagac', 'ikemmer@example.net', '', 'f737457a032cb54dbebc24254f799d4b34522db8', 0, 0, 0),
	(238, 'Kenyon Wuckert', 'icollins@example.org', '', 'd74e800fd4de52e45cbf8b67a7a3d9c2518d44e9', 0, 1, 0),
	(239, 'Demarco Boyle', 'harvey.giovani@example.net', '', 'b5cc2f4183e1c6b604ab9989ed4e62ed45d2e8ed', 0, 1, 0),
	(240, 'Cecilia Cassin DVM', 'anastasia.rodriguez@example.org', '', '1a1fd8c4e372e361a857deb9b8d801997bf55fc1', 0, 1, 0),
	(241, 'Asia Kerluke', 'kcrooks@example.org', '', 'ce7fa030a316baa5ac54e0d6acb678f531abeb18', 0, 1, 0),
	(242, 'Eldon Cormier IV', 'emmerich.augustus@example.org', '', '712fcd0079f35b8f224a8598ca4d15efb307502e', 0, 0, 0),
	(243, 'Al Krajcik', 'xmclaughlin@example.com', '', 'daf9e0a99d172edcd08b69c73770d3c7337edb46', 0, 1, 0),
	(244, 'Braeden Grimes', 'donna88@example.org', '', '1807903109c71f77c5af6c47e1db058fe3233fa1', 0, 0, 0),
	(245, 'Corine Christiansen', 'dorris.oberbrunner@example.com', '', '50f0fefbf18b192340affb08f62b374124714e8a', 0, 0, 0),
	(246, 'Kip Abernathy', 'isai.jaskolski@example.net', '', '4864254c267a1c916403ab46920260d011333edd', 0, 0, 0),
	(247, 'Kayden Jacobi', 'heathcote.lafayette@example.com', '', '6f7b92b20251029ee3a7a1a7a03b890160f50b05', 0, 1, 0),
	(248, 'Khalil Volkman', 'flatley.mckenna@example.org', '', '89a9d18e90d2f0e6771c44ea690fbc4b39dc2f68', 0, 0, 0),
	(249, 'Ferne O\'Connell', 'madyson.schimmel@example.com', '', 'ee199a59ed2c67602a3e2dad305cc5c22f765a44', 0, 1, 0),
	(250, 'Enola Schmitt', 'jalyn74@example.net', '', 'f30ba80c673cd71b30f0d920fc720268f894f962', 0, 1, 0),
	(251, 'Jane Kuhn', 'kaia.dooley@example.net', '', 'f39dfd95aa6ceeb3d881f212ec7b25b55d48244b', 0, 1, 0),
	(252, 'Prof. Josiane Hermiston', 'anita.miller@example.net', '', '1666801ccb965108e2b8270771c7f3e2d7715eba', 0, 0, 0),
	(253, 'Prof. Asia Bradtke', 'wblick@example.com', '', '6c34e12fc6fdd8f29ee502c2e89e4715af22e723', 0, 0, 0),
	(254, 'Korbin Russel', 'murray.flatley@example.net', '', '41171ed6ecaf7f1bac19c7365750c3b5da6fd64d', 0, 1, 0),
	(255, 'Mrs. Una Shields I', 'cconnelly@example.org', '', '359c67d5bd4e0a4cf3476f6255dac33d6a411131', 0, 1, 0),
	(256, 'Mrs. Viviane Williamson V', 'winnifred.huels@example.com', '', '172d36ed79c76d3d3ddc680d5ccc7e3fde3ecb08', 0, 1, 0),
	(257, 'Wellington Pacocha', 'smurazik@example.org', '', '0a66b997c305e36670c1c9d3bb0f70dc1ff02a34', 0, 1, 0),
	(258, 'Matteo Mraz', 'wendell38@example.org', '', '8d127fb6e4cc01c19bb0728d46a1cce1a86daf17', 0, 0, 0),
	(259, 'Marlee O\'Keefe', 'phirthe@example.org', '', '96c710e70955428d1c2e3b17cab44171719b1591', 0, 1, 0),
	(260, 'Zita Olson', 'ernesto.champlin@example.net', '', '2680da6b2dd7312968425fc27cd81145be227862', 0, 0, 0),
	(261, 'Josefina Gislason II', 'funk.kamren@example.net', '', '098d73a9cd3eff865948984fcb105a00c641371a', 0, 1, 0),
	(262, 'Oswaldo Schinner PhD', 'gunnar76@example.com', '', '433ec17a12f987da6e9de5b14677762b2ca8d120', 0, 1, 0),
	(263, 'Dr. Mervin Zemlak IV', 'florencio.haley@example.net', '', 'a583016d37149cdcb2d917ff2468c120982ec7e3', 0, 0, 0),
	(264, 'Gunner Grimes Sr.', 'ulebsack@example.net', '', 'cc7401cdad2dfe06c61a448e5f1b106e793a4882', 0, 1, 0),
	(265, 'Mrs. Alayna Koch DDS', 'marcel67@example.org', '', 'd8343bbe6122bea84913418da5566679cb1e99bf', 0, 0, 0),
	(266, 'Edmond Quigley', 'prosacco.fabian@example.net', '', '8225128213c6248b9c276c6e0c796914fcf78a9e', 0, 0, 0),
	(267, 'Ludie Heller II', 'ldeckow@example.net', '', 'abe42a6ff15ee4394e8a70f724890f455f658108', 0, 1, 0),
	(268, 'Ursula Kautzer IV', 'dorris.bechtelar@example.org', '', 'b5f0300c0269eb488c5beea1a9cb4827b898ecf8', 0, 1, 0),
	(269, 'Oswald Thiel', 'huel.leora@example.net', '', '705669bda0bc50251d95d77f3ff8a783d1ccc7fa', 0, 1, 0),
	(270, 'Mr. Haleigh Bailey I', 'lawrence64@example.net', '', '5fb6b42f8eac46cb254b844b32d4c6a5694a4961', 0, 0, 0),
	(271, 'Rosella Abshire', 'miller.carmen@example.com', '', '2d219b0b24b9dd8c861a6cafe7a930b7b84bb0e5', 0, 1, 0),
	(272, 'Alessandro Gislason', 'runolfsson.lilly@example.net', '', 'ca7e42748f26bccac231112274e730d25138b508', 0, 0, 0),
	(273, 'Gerson Green Jr.', 'xlubowitz@example.org', '', '67d4463df420c1a4edfd5ca46afba07e20a4610d', 0, 1, 0),
	(274, 'Mrs. Princess Hilpert', 'veum.marty@example.org', '', '13f7218162d1a09ff2d17ca02b0bf510ddc84af3', 0, 0, 0),
	(275, 'Chad Luettgen', 'hayes.cicero@example.net', '', '328424243ab9330ab54974a80a7bc352fac2bbd7', 0, 1, 0),
	(276, 'Alexa Raynor', 'jenkins.jorge@example.net', '', 'b019791233227ea4d346dbeea36302f17e2ac041', 0, 0, 0),
	(277, 'Marlee Carter', 'dock.veum@example.com', '', '3afc0c164cbd751448327cbf2ca7fd1b7c90ce90', 0, 1, 0),
	(278, 'Mrs. Ludie Mueller PhD', 'gabrielle70@example.com', '', '128503b1c3432aa659fd4324e3de8186f4b7909c', 0, 1, 0),
	(279, 'Dr. Edwina Beier III', 'dorthy34@example.org', '', '60953cc18be94d6f461f964389feb5ee3409a915', 0, 0, 0),
	(280, 'Jackson Schmitt', 'randi28@example.org', '', 'b4145a633645dc153b381702a132069404f4dc1f', 0, 0, 0),
	(281, 'Isac Sauer', 'fmoore@example.org', '', '67f3812e93a61db299563174577b799e0af37982', 0, 1, 0),
	(282, 'Mr. Adan Lesch MD', 'powlowski.hyman@example.com', '', '2002a54e18dcb31035faff832f085e2f18c93da1', 0, 1, 0),
	(283, 'Mr. Orion Aufderhar', 'odessa.muller@example.net', '', 'b5212ba0b623e59fcfcff28433dfd9fee89fe4de', 0, 0, 0),
	(284, 'Albina Muller', 'kuvalis.rebekah@example.org', '', 'a0de80c9f9d40f64cb24d17645c15a140ba09b8e', 0, 1, 0),
	(285, 'Maudie Bradtke', 'lynch.don@example.net', '', '7058ef3ae23b781b236a4f389c83ff6e1e5ecac3', 0, 1, 0),
	(286, 'Loren Christiansen', 'alindgren@example.com', '', 'eb5cef6fa3c378bb03e1c9d23c7ff424e5948016', 0, 0, 0),
	(287, 'Jeramie Wolff DDS', 'xkerluke@example.net', '', 'eeb4914f6a100395e0d4e4029e3abc95bc9fd8bb', 0, 0, 0),
	(288, 'Prof. Cullen Berge V', 'buford.murazik@example.org', '', '8708c4d27c2c25aa5a69ad4640932042e2d5f1c1', 0, 1, 0),
	(289, 'Lela Hartmann', 'mschumm@example.org', '', '33525e9add18f069d29dc0171ba4cf03389e84f4', 0, 0, 0),
	(290, 'Prof. Moses Weissnat', 'bjerde@example.com', '', '6ed246d0c100cfbd20bf9100ba296256806c9d85', 0, 1, 0),
	(291, 'Daija Ullrich', 'bernhard.shemar@example.org', '', '8445ed8d53217087ebd12f2878c593d23c4bcc31', 0, 1, 0),
	(292, 'Aimee Harber', 'juanita74@example.com', '', 'cf4daf070c74dceab983e40967828214f0af8b81', 0, 0, 0),
	(293, 'Mr. Adolphus Hartmann', 'cristopher.rolfson@example.com', '', '157e16a3204310b99aa513f4653740f3c0123065', 0, 0, 0),
	(294, 'Teagan Ortiz', 'equitzon@example.org', '', '2593f03e7ac1a2d39359c801fdc3a951e4bda19e', 0, 0, 0),
	(295, 'Kristina Trantow', 'jstanton@example.org', '', 'a9455ee97f38f57f2e1d1c5ad6a2146eac6d96bf', 0, 1, 0),
	(296, 'Prof. Nat Jast V', 'vesta90@example.org', '', 'e3501332437bca5f979638424f201396850b49cb', 0, 1, 0),
	(297, 'Nya Bogisich', 'uschroeder@example.org', '', '21ccb09fbaa7264c68d8c878998264b43673a122', 0, 0, 0),
	(298, 'Prof. Aletha Stroman I', 'connor.kirlin@example.net', '', 'c571702a2b520e70ca1769c380f15410a5cb4294', 0, 1, 0),
	(299, 'Earl Johnston', 'will.creola@example.com', '', 'f0f41b4769480f8ae2cd4be517a7933155724feb', 0, 1, 0),
	(300, 'Prof. Ulices Douglas PhD', 'donnelly.haylee@example.com', '', 'db2bf33f06134c75f8c49e988f50d2f838c6ea5c', 0, 1, 0),
	(301, 'Edythe Kris', 'margarete.schuster@example.net', '', 'b83d238fd0a30a738cabdf7ca74f78ea2b106e53', 0, 0, 0),
	(302, 'Ramona Dietrich', 'geo.nicolas@example.com', '', '7213596a445ef1383873bb027079085716b4520f', 0, 1, 0),
	(303, 'Leta Kreiger', 'glesch@example.net', '', '6c77cce53a1aee48d9fe17d8f1521501b6a70c30', 0, 0, 0),
	(304, 'Rodolfo Bergstrom', 'ceasar82@example.org', '', '1c3e5763e2fddb0232019d98d5e6f785246b5533', 0, 0, 0),
	(305, 'Dr. Isaias Lowe II', 'brady10@example.com', '', 'c683c6c325d1b240f9a571709522087f81440e98', 0, 1, 0),
	(306, 'Brett Grant', 'adah43@example.net', '', '8c99872edf39440e8273920f8005848b24c3d7ff', 0, 1, 0),
	(307, 'Mrs. Reba Jacobs', 'cristal03@example.com', '', '2b11d487974162cc241a283c091881e6039e2530', 0, 0, 0),
	(308, 'Alize Pfeffer', 'hayes.oral@example.com', '', '0b19e749e2e3174183f6388a639b1603885ea146', 0, 0, 0),
	(309, 'Dr. Walter Mante III', 'zemlak.gust@example.net', '', '390c1ee97b5b24c5ba175f7235d3dd14fc3b6ff1', 0, 0, 0),
	(310, 'Creola Dietrich', 'vance.lang@example.com', '', '6e2eb5545e101c0026f6b6545965f72464931f58', 0, 0, 0),
	(311, 'Hipolito Ankunding DDS', 'orau@example.net', '', '48fab80e236df74b2ad7f04abde0eeb31cbce931', 0, 0, 0),
	(312, 'Jayda Lehner', 'hdeckow@example.com', '', '325665111d4cc0791a3043f165f816d5bc406455', 0, 1, 0),
	(313, 'Demetrius Langworth', 'delbert18@example.org', '', '3ec876a98cb5f0ffdb0b528a7aa6e80f557e1dde', 0, 0, 0),
	(314, 'Laverne Fahey', 'lebsack.mae@example.com', '', 'e5a56566f49fff039d933c6f58d485566b4405d2', 0, 0, 0),
	(315, 'Macie Jaskolski', 'quentin80@example.org', '', '79b72f5ccbc9b987d427f05106c0752f770ccc08', 0, 0, 0),
	(316, 'Nicholas Harris', 'erogahn@example.net', '', 'b0b03727c8fa557bb703b6d92b4e0a7277e5cbce', 0, 0, 0),
	(317, 'Hank Turner', 'crona.sean@example.com', '', 'aeef1eb44a41787b22555479e5e24c409dd4995f', 0, 0, 0),
	(318, 'Elouise Mraz', 'juston.romaguera@example.com', '', '4aec071af0c5d0d1f68f396ec27b2ebb0ec0d887', 0, 0, 0),
	(319, 'Justus Schiller PhD', 'johnson.zita@example.com', '', 'c3733310c6ca38014bba30037ee4f01086b109f1', 0, 1, 0),
	(320, 'Emilia Dooley', 'dboyle@example.net', '', 'dd686a624d58c30b3b71e682d6995612d5a8bdaa', 0, 1, 0),
	(321, 'Ms. Marcelina Gislason V', 'abergnaum@example.net', '', 'a164386dad267e2386b047ec99bdd747265a8ea6', 0, 1, 0),
	(322, 'Marielle Hudson', 'reilly.olga@example.com', '', '5367b1400f6a450a30e79545450c7e685e594726', 0, 0, 0),
	(323, 'Demarcus Rau', 'thauck@example.com', '', 'a2f1140f735a58004d3d1ef24ec971bf50d9e086', 0, 0, 0),
	(324, 'Martina Cummerata', 'stokes.maybelle@example.org', '', '5021476c3319f87739cad1dc45688b54a2f8524e', 0, 0, 0),
	(325, 'Jadyn Jacobi Sr.', 'drippin@example.org', '', '7739ce8420c745987018b35ecab0a7e51cbc84b9', 0, 0, 0),
	(326, 'Mr. Alden Collins DVM', 'garth67@example.com', '', 'c819f41fa557102436763ec09b07077baaf58df5', 0, 0, 0),
	(327, 'Carley Johnston', 'herzog.lelia@example.com', '', '7c7a65117f68bcbdf174f3af7934deee21b26a69', 0, 1, 0),
	(328, 'Cruz Kling', 'theresia.rodriguez@example.net', '', '09ecc60781f1c1349a8ae2714d20f12ac65cf08d', 0, 0, 0),
	(329, 'Eugene Heller', 'frieda.walker@example.com', '', 'bed272e2795da525b4a16292b9223fb2610965f4', 0, 0, 0),
	(330, 'Frank Renner', 'juliana24@example.net', '', 'c7993e3891e698fc1ac82977e5a1e4d8fdfc33cd', 0, 1, 0),
	(331, 'Enrique Barrows IV', 'mblick@example.com', '', '2c736576659c7ff2086ffd536d536b7c435aed51', 0, 0, 0),
	(332, 'Prof. Franco Rodriguez', 'alta20@example.net', '', 'd4638e5e28d2ad74233ab898ebb0243ff62d2b5a', 0, 1, 0),
	(333, 'Dr. Arno Johns DVM', 'hwitting@example.net', '', 'e31b9251150f17c852a416f271f38453636d19a9', 0, 1, 0),
	(334, 'Miss Marlene Zulauf I', 'bauch.neoma@example.net', '', 'aeb1ab4b480043a23dcfc633d8cd729ce3b0a270', 0, 1, 0),
	(335, 'Easton Lueilwitz II', 'upadberg@example.com', '', 'cb3d7f89f731ea31fdd412b32fbeb33b2c0c451d', 0, 0, 0),
	(336, 'Prof. Dewayne Grimes', 'hettinger.kacie@example.net', '', 'da0168aa555526cbb8d829c6cb56b386513d8033', 0, 0, 0),
	(337, 'Van Donnelly', 'wweissnat@example.com', '', '4eb050d0ed2d32acaa172421995f799405d196fc', 0, 0, 0),
	(338, 'Christiana Thompson', 'osteuber@example.com', '', '126d4642fac873f2c557f9c8be9d938152d045f7', 0, 1, 0),
	(339, 'Miss Breanne Lesch', 'cdaugherty@example.org', '', '9ac0ecff7b64a940a774964610d80a545f1b9ce2', 0, 0, 0),
	(340, 'Jeramy Hermiston', 'lamont77@example.net', '', 'abb3ec64d76a1db3cd29f0e0c79387754bc27c05', 0, 1, 0),
	(341, 'Daphne Upton MD', 'botsford.brandt@example.net', '', '1cd06d5e1d5fae2e3cbda73aa42b9045d1d568dc', 0, 0, 0),
	(342, 'Mrs. Maybelle Stracke DDS', 'oberbrunner.samantha@example.com', '', '0989f2e5297253a9ab7de77a75a8f669064648f5', 0, 1, 0),
	(343, 'Heath Brekke', 'betsy.auer@example.net', '', 'a90a0a72fcffdc3fba8c3a42b72a51a8909faf16', 0, 0, 0),
	(344, 'Prof. Zack Kassulke IV', 'gibson.leonor@example.org', '', 'cebe2d763168ae09a75208beb58be0f679cc63da', 0, 1, 0),
	(345, 'Nickolas Halvorson', 'werner23@example.com', '', '42b3a9115c3ae7a40f918d984a8d65253b16bf2a', 0, 0, 0),
	(346, 'Guiseppe Gerhold', 'cassandre35@example.org', '', 'a39709855f321aa57a5a2e6111bbeb23b78d67df', 0, 0, 0),
	(347, 'Kaitlyn Kuhn', 'cbernier@example.net', '', '4c8562fe5859c847e20535c54a3905b6eb789bde', 0, 0, 0),
	(348, 'Mohamed Howell', 'xabbott@example.com', '', 'a8ee49a22c92e512386ccc768177cc5e94d01e6a', 0, 1, 0),
	(349, 'Rowan Cummings', 'gleason.schuyler@example.net', '', '1114940b60de519fc0b8a92d6396ee9d6f7de524', 0, 1, 0),
	(350, 'Prof. Melisa Fahey Jr.', 'karson26@example.org', '', '6107fd42065fce5b37eeb7161522a3ed20ca3753', 0, 0, 0),
	(351, 'Leola Bauch PhD', 'harley.wilderman@example.net', '', '833f510f320461cfbcb78b2659bb1ded5ccf7e1c', 0, 1, 0),
	(352, 'Dr. Soledad Marks', 'gleason.chandler@example.com', '', '42f06034a70325cd7c185b8ea51ff99290f2633c', 0, 0, 0),
	(353, 'Mathilde Mitchell', 'brooks.weimann@example.org', '', 'd39c453506084896a837592be1965606098ab04c', 0, 0, 0),
	(354, 'Katheryn Crona', 'qkeebler@example.com', '', '0344430173122fc20f26c7e5259dc53f9eb7338d', 0, 0, 0),
	(355, 'Ms. Mayra Gibson PhD', 'sboyle@example.org', '', 'a49500d499d8305442207960a4d8246de4c8d99c', 0, 1, 0),
	(356, 'Viva Steuber', 'jkoch@example.net', '', '45b4aa17ced15b8a063b78a8ebf954bc3da1ef36', 0, 1, 0),
	(357, 'Anais Christiansen', 'cora70@example.com', '', 'ec689cd5100a8e2c8d1db3a1f44a324ad0284e94', 0, 1, 0),
	(358, 'Lorna Sauer I', 'scotty.hauck@example.org', '', '0a9f9f6766582b4e34deb1d522669332d6ed592c', 0, 1, 0),
	(359, 'Murray Jerde Jr.', 'awolff@example.com', '', '08e4ee58c69cdbb1fe4b2a06fb79e84f0c07f32d', 0, 1, 0),
	(360, 'Dr. Karina Corkery Sr.', 'cydney11@example.net', '', '902719382427db0fc6e0c35e52f7bd61a8482a9d', 0, 1, 0),
	(361, 'Miss Marjolaine Schulist Jr.', 'vkuhic@example.com', '', '26019ed833dd3eac23d08acaa85d71565032c609', 0, 0, 0),
	(362, 'Mia O\'Reilly PhD', 'ashton28@example.com', '', 'cbe948f193d81f260da0084bb5799273cc17e7a5', 0, 0, 0),
	(363, 'Prof. Augustine Toy I', 'agustin12@example.org', '', 'fd028546284fb9fa8e7d7088a56a4b84aafc6862', 0, 1, 0),
	(364, 'Emilia Mraz Sr.', 'aufderhar.jeramie@example.com', '', 'c41f02e70234935c77a2e2df1989378cad1b9132', 0, 1, 0),
	(365, 'Daron Howe', 'justina64@example.org', '', '92f1f3dec63975174aef1fb7acb3b8894d21ff88', 0, 0, 0),
	(366, 'Renee Wiza', 'hansen.ralph@example.net', '', '2a7f1a328ba2200b2a020dbc9487410c91f72bd5', 0, 0, 0),
	(367, 'Kelsie Kub', 'd\'amore.norene@example.com', '', '90adb720145c297e5266b3bc9dda31becc38a929', 0, 1, 0),
	(368, 'Emmitt West', 'jerrod85@example.net', '', '31ebf24a7d2591d57c16d38b4456179fb2da3993', 0, 0, 0),
	(369, 'Prof. Wallace Sipes V', 'heathcote.emmet@example.net', '', 'e342b798fc6bf4c0582085d4dd2b60caa205a055', 0, 0, 0),
	(370, 'Miss Giovanna Rowe', 'jrunolfsdottir@example.org', '', '2304735624f06964820f9487be5165d156fb7d4f', 0, 1, 0),
	(371, 'Prof. Orval Treutel', 'velma.donnelly@example.net', '', '3b9158c7559ff737514be3002b488d1f7d84dc1b', 0, 1, 0),
	(372, 'Jennings Hessel', 'annetta56@example.net', '', '9a475572cdc2309305c94fabacbc3d93d1a686e1', 0, 1, 0),
	(373, 'Mauricio Weimann', 'mertie.keebler@example.net', '', 'be9c3acf5c227293f773566d1a114c41c5528786', 0, 1, 0),
	(374, 'Darren Bartell', 'barney.streich@example.net', '', '5865c6f636230ff1c58a5e3f79ac5638a41fa30e', 0, 0, 0),
	(375, 'Miss Natalie Upton DDS', 'ycrist@example.net', '', '401f42f1f4d0dfac559a58ee55419998f18f7d25', 0, 0, 0),
	(376, 'Nola Hills', 'oschuppe@example.org', '', '2fcff4d08f739e30a715473d8e5302f3bc84b979', 0, 1, 0),
	(377, 'Cory Donnelly', 'evelyn.altenwerth@example.com', '', '71d86c2fd6ef75916818fb521e28a8680c3e821d', 0, 1, 0),
	(378, 'Deondre Batz', 'esteban.hoeger@example.org', '', 'bc95a5fc46ae75b156672a29ee39734f7e6cfa5d', 0, 0, 0),
	(379, 'Dr. Lyric Kub', 'jose49@example.net', '', '4d7ea91ec41daac38257ab935d5c62edb04de8fe', 0, 1, 0),
	(380, 'Emiliano Botsford', 'rdickens@example.com', '', 'd183fbfd9eea09ce991f1e5a4c271be81d8b1b4a', 0, 0, 0),
	(381, 'Freeman Koss', 'june.bruen@example.net', '', '3c823a3594cb74e9aae99e6b78ca5dd9515480ec', 0, 1, 0),
	(382, 'Dr. Cyrus Pfannerstill IV', 'kmurphy@example.com', '', '505f138e66417f2deb725cc4a16f3a720332519f', 0, 0, 0),
	(383, 'Reece Osinski', 'gblick@example.org', '', '122839c6f5b39313f6e67083cfc836ce02d117de', 0, 0, 0),
	(384, 'Mr. Reid Howe MD', 'arielle.morar@example.com', '', 'fd8de1a61783b44bd4b790db0d383758e6a59456', 0, 1, 0),
	(385, 'Wava Predovic', 'dwight.stokes@example.com', '', 'cd35c4e1a5bd36734ffd71d114f71b7480734781', 0, 0, 0),
	(386, 'Ms. Kira Hackett Sr.', 'richie91@example.org', '', 'b6ab71f82e08e498da7181b6a5e6c0d38863d980', 0, 0, 0),
	(387, 'Isobel Rohan', 'hfeil@example.net', '', '0b365fea8fa98b7121caefcc4ba4ee8195eb6f44', 0, 1, 0),
	(388, 'Prof. Patrick Schoen', 'adelbert.tromp@example.net', '', '01b62d766b56923ff71c8a0e833abd560b61c7b8', 0, 1, 0),
	(389, 'Dr. Marlon Quitzon', 'devante.sanford@example.net', '', '14dc795b1a7e0703340d5e9c420a6286ef17a608', 0, 0, 0),
	(390, 'Ashly Stroman', 'hauck.rachael@example.org', '', '2a232a730ff38cd2b165a6e5a859fcce90367cc4', 0, 1, 0),
	(391, 'Colby Weimann PhD', 'percy80@example.com', '', '318cb597cd24c6265e637aa91bb328a6320fe5a6', 0, 1, 0),
	(392, 'Foster Stark', 'sedrick05@example.net', '', 'f5cc34916a83d8f738c65980be6d31588865b4bf', 0, 1, 0),
	(393, 'Prof. Cecil Brown II', 'allie.connelly@example.org', '', '9f00053360af21fbaa2d9886135a4c73ceca9c2e', 0, 1, 0),
	(394, 'Santino Balistreri', 'owisozk@example.net', '', '4a280da99921d64ef54ab94de9957637099ade09', 0, 1, 0),
	(395, 'Gregory Howe', 'bdach@example.org', '', 'b9aca6fb757ca4dca9ab1205ba801d2be3f44bea', 0, 0, 0),
	(396, 'Mrs. Jenifer Von', 'keara.boehm@example.com', '', '9a6a1e192a92bc8a2229a26bc17765a69e4b92c0', 0, 0, 0),
	(397, 'Aaliyah Cassin', 'ariane33@example.org', '', '19c65a989b9416cdd45e5ea4d4b9dd9ed8014684', 0, 0, 0),
	(398, 'Brice Monahan', 'layne20@example.com', '', '6778cd4584512a6364bd057a230ed106a694a832', 0, 1, 0),
	(399, 'Garth Pagac', 'ward.weber@example.org', '', 'a487a5d04effe3a567870271958f132d42d6ae8f', 0, 1, 0),
	(400, 'Mr. Stevie Spencer DVM', 'gfunk@example.net', '', '9b7f46cdf87b2dd4b08c9325aee8609f6f9bb875', 0, 1, 0),
	(401, 'Alfonso Weber', 'laisha12@example.net', '', 'ec29433f4f1cb3c57c2c5de08b75fb9c8e75aa9b', 0, 1, 0),
	(402, 'Gianni Sanford', 'morar.oma@example.org', '', '7ed4001f3382b8a5f00bb353d306197db948f590', 0, 1, 0),
	(403, 'Fatima Stanton', 'armstrong.jackeline@example.org', '', '46f84e7b2db702ffe925e807976654879b21eee0', 0, 0, 0),
	(404, 'Wilton Wisoky', 'lrogahn@example.com', '', 'a0fbd851416af485d53e8c122c435cd108218a4e', 0, 1, 0),
	(405, 'Kirk Reilly', 'moen.lindsey@example.com', '', 'f8c90da32c69e94a29db702b2aba795c04d4a840', 0, 1, 0),
	(406, 'Destin Hilll', 'wo\'kon@example.com', '', 'a1fe8264bc465ca24ff8b9678de4e922e0301d00', 0, 0, 0),
	(407, 'Adrian Runolfsson', 'mayert.paul@example.net', '', '6b6be10d543476fc3b676bd4778a1d343c0c7d49', 0, 1, 0),
	(408, 'Laron Gleichner', 'mcorkery@example.com', '', '2c1ed90f27351575f434bb44957f42c1c704d880', 0, 0, 0),
	(409, 'Alice Sporer Jr.', 'laura.metz@example.org', '', '9c6767a97b9126c5ff83f96c9e91b0379545f56f', 0, 1, 0),
	(410, 'Leda Schultz', 'klocko.modesta@example.com', '', 'd85531b8f85c47633aff413b40827485af58274a', 0, 1, 0),
	(411, 'Prof. Riley Orn I', 'marvin65@example.net', '', 'cb00fb735792c8e3a4c4d63279909d5d81916f9b', 0, 1, 0),
	(412, 'Brandt Padberg', 'jeremie.braun@example.org', '', '1f8012318809166cff575a6d80f75e817aef4672', 0, 1, 0),
	(413, 'Prof. Quinn Fahey DDS', 'wolf.delphia@example.com', '', '3701d1f0a513a795de228715ea3e346a6b7188c8', 0, 0, 0),
	(414, 'Jamir Kulas III', 'vcollier@example.net', '', 'c6ea889fe807a79c08873395291f13146e2aa8f6', 0, 0, 0),
	(415, 'Haleigh Hane', 'vreichert@example.org', '', '8e02e28fcf27fb234679d2eea71167080f5fd1a5', 0, 0, 0),
	(416, 'Mae Klocko', 'aaron42@example.com', '', '6f8eaa0a25518102c00a7f7e2b4d2ad0410d76ed', 0, 1, 0),
	(417, 'Mr. Keagan Jacobson', 'ledner.lilyan@example.net', '', '924f7341cd99cbdeaf19ec5a57e61eee34af2678', 0, 0, 0),
	(418, 'Milford Roob', 'syble51@example.com', '', 'f9918a3563ebdbc837dd1d5018b54892ce82ae47', 0, 1, 0),
	(419, 'Mr. Afton Grady', 'qdouglas@example.net', '', 'bb196c682358b8114accd411d7af7595c5678bab', 0, 1, 0),
	(420, 'Frances Towne', 'voberbrunner@example.org', '', '94b445e6678be2ef4fcaf6720810f0fd8663d6f3', 0, 0, 0),
	(421, 'Mr. Ole Lynch', 'sarina.sporer@example.com', '', '804e5453bf0ebe5d0aad59fd5fbe4cca01b867ae', 0, 1, 0),
	(422, 'Anastasia Schoen', 'prince05@example.com', '', 'c006e204f41be5e46485119281b1cfba6c9150aa', 0, 1, 0),
	(423, 'Miss Mary Beatty V', 'meda.reilly@example.net', '', '79106398a691f58ac0e015b9fb7f80479c5cb79a', 0, 0, 0),
	(424, 'Miss Selena Mosciski', 'stracke.hailey@example.com', '', 'fde81b1efcde84a6121108c4054c32db362abdf3', 0, 1, 0),
	(425, 'Shawna Conn', 'ladarius.bins@example.com', '', 'b9d232fb30d5d01992f402069eb013df5e6db0c1', 0, 0, 0),
	(426, 'Juliet Tillman', 'roob.rae@example.com', '', '085b0c45e4c574b144a73fc07ec971f538824931', 0, 0, 0),
	(427, 'Suzanne Lind', 'feil.santiago@example.net', '', '40062cde888bf5b75750adcbc947e05a7c281345', 0, 1, 0),
	(428, 'Kendrick Ullrich', 'watsica.carlotta@example.org', '', 'f7c5142ed4446a93ba95e3dc03a6a13313df73f5', 0, 0, 0),
	(429, 'Mr. Antwan Hyatt', 'hessel.tad@example.com', '', '8d82741587d3abab7866269cf29e3dffa39ab6ea', 0, 1, 0),
	(430, 'Vena Fisher', 'alvena.funk@example.com', '', '59d9704f1adc320ef4302d513f56c9089a25e7a6', 0, 0, 0),
	(431, 'Orval Jacobson', 'lind.osbaldo@example.org', '', 'e400b351726ceed83fb902f9ffccb46df9d1e7d0', 0, 0, 0),
	(432, 'Mrs. Emily Wehner', 'dibbert.remington@example.com', '', '906c569d92b654cda3352aae6edd384a13229cf2', 0, 1, 0),
	(433, 'Trent Adams', 'xrau@example.org', '', '62a73c8a8a032554f87389f2502037232ec061e0', 0, 1, 0),
	(434, 'Margarett Becker', 'fmclaughlin@example.net', '', '1a8b2014c3dfb268798e78b756b2d80e3d102cc9', 0, 0, 0),
	(435, 'Stanley Lowe', 'champlin.arlene@example.org', '', '55ac1dae396ad533c87fe3f97f18d7231897f12f', 0, 1, 0),
	(436, 'Prof. Rupert Keeling IV', 'olesch@example.net', '', '16a20237d93916fd852f2ec402a8146f66c50344', 0, 1, 0),
	(437, 'Ross Koelpin Sr.', 'brennon61@example.net', '', '41588cea583e8fd701214302fb7899e205751940', 0, 0, 0),
	(438, 'Ms. Concepcion Zboncak Jr.', 'nmorar@example.org', '', '5ae388e4497c19be1918b99fb781c6fa15bafc9d', 0, 1, 0),
	(439, 'Vince Dibbert', 'pfeffer.serena@example.net', '', 'c686b88a60ef46e96f269634d14bbe1b3058c618', 0, 0, 0),
	(440, 'Dr. Freeman Dibbert', 'jarod36@example.net', '', 'c63f916afae5868d3c49df4ebd8622b2371d8540', 0, 0, 0),
	(441, 'Meagan Dickens I', 'erich65@example.com', '', '6d0583b16f575e63b816a810f9dd1c1ae1773be6', 0, 0, 0),
	(442, 'Unique O\'Keefe', 'beer.brandon@example.org', '', '3d434dd9c413df6a393587e2bbaee9ccf50585c7', 0, 1, 0),
	(443, 'Lessie Gulgowski', 'rhianna.kuhic@example.net', '', '10c447b15d3248372bed632868472337af24d3b1', 0, 1, 0),
	(444, 'Jennie Zulauf PhD', 'candelario79@example.com', '', '02351108b027e923315fd3c68a4b5a1d52cd3c18', 0, 0, 0),
	(445, 'Mrs. Andreanne Dooley V', 'dell08@example.org', '', 'dc10b74c9a809e159d25188c4cfc9415aadcc382', 0, 1, 0),
	(446, 'Isobel Keebler Sr.', 'beverly.cummerata@example.net', '', 'ce5bb214d6de443abdea297674b40be8d77d48f9', 0, 0, 0),
	(447, 'Michael Witting', 'tiffany.roob@example.net', '', 'ad38ec5483ddb3061b3bc6b9d250456930aa600b', 0, 0, 0),
	(448, 'Miss Aubree Volkman', 'imaggio@example.org', '', 'bfc276ae0050132dbf26d4ad9706817a753232b2', 0, 1, 0),
	(449, 'Celia Lueilwitz DVM', 'pedro90@example.org', '', '5064d84f860aac647d4c94dd196fba700375a5eb', 0, 0, 0),
	(450, 'Destini Rohan', 'joy.vandervort@example.org', '', '3732536612c15c8461e0f18bbf821449616eeb90', 0, 0, 0),
	(451, 'Jonatan Turner', 'gislason.delphine@example.org', '', '64baf9d117bebd5b3ed455176fa240002c14e97f', 0, 1, 0),
	(452, 'Matilde Konopelski III', 'august.steuber@example.net', '', '124fd3b530e0b0589750aaa18394afedae275c33', 0, 0, 0),
	(453, 'Chet Gibson', 'hmarvin@example.org', '', '3065805ff26a7f5f8886806acf9127c0c0e2d0b8', 0, 1, 0),
	(454, 'Miss Stacey Murray II', 'qdach@example.net', '', 'd05b51a257f23269bd237a360d51880456a05691', 0, 0, 0),
	(455, 'Jose Cronin', 'jroob@example.net', '', 'e11d4f01691768ff1e90d293d8a0f4903834d883', 0, 0, 0),
	(456, 'Prof. Sandrine Dooley', 'roob.alycia@example.com', '', '4abbd3a084eeeee350b6346a0c9ea42e753706de', 0, 0, 0),
	(457, 'Mavis Kovacek', 'kshlerin.claudia@example.org', '', '353f978356a2f2ca5a81b87dda33b7c771fbe059', 0, 0, 0),
	(458, 'Ebba Gleason IV', 'clovis.stiedemann@example.com', '', '8f7e2176ed34aba9225a875e7008f052b0956348', 0, 0, 0),
	(459, 'Lizzie Kiehn', 'nikolaus.emile@example.com', '', '71bc220d4ce81ef927e3c51eb11a174a7ce5fce2', 0, 1, 0),
	(460, 'Jacinto Mertz', 'isaac.dicki@example.org', '', '6b8f0d5e7b63731fcbf6217bb668588e60e47a40', 0, 1, 0),
	(461, 'Lila Abshire', 'welch.rozella@example.com', '', '11469c2b6b05c115411e4ca7ffd3325d555eba2d', 0, 0, 0),
	(462, 'Tyra Stracke', 'friesen.paige@example.org', '', '8dcccf8e39a4755434ca702812aeebd775bb76f3', 0, 0, 0),
	(463, 'Dr. Antonia Nader PhD', 'tspinka@example.org', '', 'a6be9f4cdb03e914fa9a29e3d84d7a9a61e86e19', 0, 1, 0),
	(464, 'Carmine Emmerich', 'ramiro.bergnaum@example.org', '', '2f241f6ec0309bc3c23bd8b2a236fb6cf9fff472', 0, 0, 0),
	(465, 'Silas Carroll', 'kianna26@example.org', '', '7b34a04cf5cec1a89ffd45a46121918b6d617da1', 0, 1, 0),
	(466, 'Jovan Bins', 'julia.konopelski@example.org', '', '0ee90fa3799ff16d2b67af3968ec8ccd9f890aff', 0, 0, 0),
	(467, 'Luz Ziemann', 'gerald.gorczany@example.com', '', 'b5d5f2e48b113afdd633a2fe81f0821065f3cf83', 0, 1, 0),
	(468, 'Forrest Raynor', 'robin.rodriguez@example.com', '', '038bec7239e7fd76ad4e693eed3de567451221e3', 0, 1, 0),
	(469, 'Theresa Bartell', 'sauer.shaina@example.org', '', 'd8b24733b29d04955a6557bc30d899dbb0210ead', 0, 0, 0),
	(470, 'Ressie Legros', 'jaida07@example.com', '', 'd60db41ca3d71f82a7ec46ecea18fcd9945afb3f', 0, 1, 0),
	(471, 'Dr. Marcus Tillman', 'tillman.kelsie@example.com', '', '11a14c2b9e6426865357275464c41817c8ed0573', 0, 0, 0),
	(472, 'Olga Cartwright', 'kirk59@example.net', '', '534634dee2348efec254d5ee32a28e89d674631d', 0, 1, 0),
	(473, 'Gabrielle Kulas', 'steuber.camryn@example.com', '', 'c9252aa120fd18fc5c00f2f22cd8cc013216ac1e', 0, 0, 0),
	(474, 'Layla Hermiston Jr.', 'edythe.purdy@example.com', '', '64cb48a57c98f3e209c06811654fb372a2ecdb4a', 0, 0, 0),
	(475, 'Euna Daniel', 'stacy.nolan@example.net', '', '7d434ee4a9e78d34e2be37454de41c19d18e2fa9', 0, 1, 0),
	(476, 'Jana Stokes Jr.', 'cathy.o\'kon@example.net', '', 'b4c4c673780d47c1165aa18e93cae90214572cf0', 0, 1, 0),
	(477, 'Rita Ebert', 'wendell96@example.org', '', '840f1a5a450f2372ef697bb189f858ac59a39902', 0, 0, 0),
	(478, 'German Hermiston', 'calista24@example.com', '', 'fc017298f22e17e0b1b78249eb60447c7d551b58', 0, 1, 0),
	(479, 'Vallie Upton', 'kgislason@example.org', '', '8368e7bec70eedb97bfbd4200f525c7f2a3903cd', 0, 1, 0),
	(480, 'Gerardo Haag', 'vicenta.beier@example.org', '', '29e7366c1ae6633d9afa41cd69b0d87d5fcd2a83', 0, 0, 0),
	(481, 'Dr. Sabrina Schoen', 'lmitchell@example.com', '', 'a30dfb855e00db0549d86f8d13c87fc3b10f45b1', 0, 1, 0),
	(482, 'Prof. Blanca Schmitt I', 'jharvey@example.com', '', '4aa92a2e0c910f4357b8a5c3a59c6e32fcca94d2', 0, 1, 0),
	(483, 'Corrine Dicki', 'yasmeen63@example.com', '', 'ec529365544ecd79d1eac505fc3db4ceda86a8a9', 0, 0, 0),
	(484, 'Mrs. Nicole Huels', 'kiehn.eldon@example.net', '', 'd0169e4fc8f0fb3b57840674384f99663056a906', 0, 0, 0),
	(485, 'Alex Lynch', 'ava40@example.org', '', '1b3f98cc244af4994ffe8e797fb29247e6b67fac', 0, 1, 0),
	(486, 'Jackson Dooley', 'virgie45@example.com', '', '967cdafcf16147fc11ee63b99e7823ace1448185', 0, 1, 0),
	(487, 'Kaden Kilback', 'torey18@example.net', '', 'cab640a4fd71201a01a7b6933ede2783b3d0d73c', 0, 1, 0),
	(488, 'Prof. Dannie Brekke', 'tremaine93@example.com', '', 'de6775d34a4826ed1ddc35d529f642a384034fa5', 0, 0, 0),
	(489, 'August Huels PhD', 'cruz34@example.com', '', 'f57ed506b5660f373fbc57f868a6517e495f1d06', 0, 0, 0),
	(490, 'Durward Abernathy', 'ibotsford@example.com', '', 'b7f114cbd8f4f72cd9a5d392b1af954d3f075674', 0, 1, 0),
	(491, 'Prof. Cicero Nader Jr.', 'bartell.rasheed@example.net', '', 'a95216d4a87bf1333332e01cb6316e4333f24406', 0, 1, 0),
	(492, 'Braden Hegmann', 'chesley60@example.org', '', 'ab5da93d07fb58cc5cf8a9151f05a9d76ef3615b', 0, 1, 0),
	(493, 'Jacquelyn Gorczany', 'katlyn66@example.org', '', 'ff1ce21cdcbcf10365fefac9da779f470ba70560', 0, 1, 0),
	(494, 'Francisco Hermiston', 'mallie07@example.com', '', '928386d642aa18dac26b26e7ed998b7ff6a139ea', 0, 1, 0),
	(495, 'Dr. Hubert Borer', 'geoffrey65@example.net', '', 'c640366e139eaac4def70f1922c182a1dfc4ed46', 0, 0, 0),
	(496, 'Prof. Pierre Hackett', 'white.issac@example.com', '', '8a8dbcae87e9ed71e025c35ae4a9a9f3adaf4511', 0, 0, 0),
	(497, 'Bette Jones', 'dpollich@example.org', '', 'f96cb9e433d74fb0fa65ae4a0fed9a2569b0d030', 0, 0, 0),
	(498, 'Lemuel Blick', 'wuckert.loma@example.com', '', '0ea9bb5c9767886c428dff589869a1963a442e6a', 0, 0, 0),
	(499, 'Mrs. Elinore Lueilwitz', 'emosciski@example.com', '', 'b56b557a3609bc6675c996c9c32b50f898c18694', 0, 0, 0),
	(500, 'Mrs. Michelle Rolfson', 'fidel43@example.org', '', 'aeb4da348bb1d2aad685fdbf8212ce316514b5ec', 0, 1, 0),
	(501, 'Mrs. Arlene Hackett Jr.', 'cindy83@example.org', '', '072f60f5d9195821754dd90f024c1a971248ca19', 0, 0, 0),
	(502, 'Monique Parisian', 'hodkiewicz.tremaine@example.com', '', '3916e3f67a12bf3b08ecd586850348c9c3c9e323', 0, 0, 0),
	(503, 'Delilah Powlowski PhD', 'gayle31@example.org', '', 'f1726ff43073097cf8eaba4bcfe9bb5395e28cb7', 0, 0, 0),
	(504, 'Reymundo Kohler', 'jody.trantow@example.org', '', '3d32307016cbc0a846c2cb08ecfafc58f3e2dde3', 0, 1, 0),
	(505, 'Raleigh Hirthe DDS', 'gparisian@example.org', '', 'd948515d4edd40acca425097866ee46508c47eff', 0, 0, 0),
	(506, 'Chad Daniel', 'nikita.streich@example.org', '', 'd96051f087f122af2f34160501c1d704af2cbbb3', 0, 1, 0),
	(507, 'Rubye Braun DVM', 'donnell94@example.org', '', '754e8e269138ece89c4f698b4cdc287d69aa5752', 0, 1, 0),
	(508, 'Jamison Rutherford', 'bahringer.dejon@example.net', '', 'edc4a7f8900f6122c20881bbb843ff0e30f43977', 0, 1, 0),
	(509, 'Alfreda Nitzsche', 'alexanne.morar@example.org', '', '7dc4da760f36bb5e0ca07a0cc45a910f5a112855', 0, 0, 0),
	(510, 'Nikita DuBuque Jr.', 'legros.roderick@example.net', '', '5fe02909357f91437b8ab9f18f5d9cc47dea269d', 0, 0, 0),
	(511, 'Nia Fisher DVM', 'auer.jonathan@example.net', '', '0590fb0e61887d0eccdf8b48cfe99f2981b2d992', 0, 0, 0),
	(512, 'Alfonso Hauck', 'amie99@example.net', '', 'cc702f59157495cd43a8f940a630ddbbf148fa6b', 0, 1, 0),
	(513, 'Dominique Boehm DVM', 'orn.dalton@example.net', '', '8d31507e4bb5a3abae52b57df705a60197692f44', 0, 0, 0),
	(514, 'Ms. Iva Stark DVM', 'rzemlak@example.com', '', '6619071ea39ed581ddef13a902b6b77da7acbb8d', 0, 1, 0),
	(515, 'Ms. Dorothy Quigley', 'schimmel.mortimer@example.net', '', '30e89b2da427781af3a5256c006674debb5e345f', 0, 1, 0),
	(516, 'Gudrun Sanford', 'harvey.mollie@example.com', '', '662fb73eca7147ea2516988ff25da5aae4a06ab1', 0, 1, 0),
	(517, 'Dr. Claire Metz MD', 'karl.rau@example.org', '', '21bd504744832b977d4249ca87ef33db5e38befb', 0, 1, 0),
	(518, 'Guillermo Rosenbaum', 'ruthe.larkin@example.net', '', '433c81e2d52a5361c6f54c47c70606c1ce97d85e', 0, 1, 0),
	(519, 'Laurine Mertz IV', 'zhermann@example.org', '', 'a587799cbf4ff2db0a4259f93da4361ac08b7990', 0, 0, 0),
	(520, 'Prof. Maude Schamberger DVM', 'wiegand.april@example.org', '', '286ddcba472d3478b1493fcf0d68ccec1a8bdf37', 0, 1, 0),
	(521, 'Dr. Mathew Moen', 'fkoch@example.net', '', 'c95b00d30919b09391f86ac547be63eb132d4f80', 0, 0, 0),
	(522, 'Antonio Renner', 'serena81@example.com', '', '855f03ce50378f9448b0931fb0cf8638f5a2a1d7', 0, 0, 0),
	(523, 'Ms. Jessika Rolfson PhD', 'sofia.o\'hara@example.org', '', 'af2a7fa80e157497f948a705ab000b0ae39904f6', 0, 0, 0),
	(524, 'Miss Kristina Cremin IV', 'gabriel34@example.net', '', '3d605bcc0136abedac36e2015cc8e018c4d3169f', 0, 1, 0),
	(525, 'Estella Hills III', 'orpha.tillman@example.net', '', '679a8571951272fccd9913a83602e332c2ba0ee3', 0, 0, 0),
	(526, 'Dr. Louisa Ryan', 'pagac.lucas@example.com', '', '0058552ab585edfa9745e62087eb09d3113d6e4f', 0, 1, 0),
	(527, 'Katarina Borer', 'justine99@example.com', '', 'd81881698d2ce845475fbeecf475a251cd9f3220', 0, 1, 0),
	(528, 'Brionna Swaniawski', 'juana.blick@example.net', '', '4fce66869d2819d38dcdae4c72831bb0b77f6cb4', 0, 1, 0),
	(529, 'Leora Hahn', 'bethany.gottlieb@example.org', '', 'daa1af671545a3cc73021e7bc672d35e4e72bb72', 0, 1, 0),
	(530, 'Newell Farrell DDS', 'okub@example.com', '', 'd4eb9ba8d6d75f9f2cd24e8fe6d8d424e29f245e', 0, 0, 0),
	(531, 'Prof. Garfield Trantow DVM', 'tillman.maryam@example.org', '', 'e1bada67d7a5a10a9eeb8098287bc0f82fec8c3c', 0, 0, 0),
	(532, 'Dr. Nelda Cronin', 'vbradtke@example.com', '', 'f24eabff2c54e443ba20850975fadc1e75c7ed49', 0, 0, 0),
	(533, 'Dimitri Jones', 'flo.kreiger@example.net', '', 'ddd0aa4ffdc767fa26250659e779f44c8b33ca9b', 0, 1, 0),
	(534, 'Filomena Blick', 'smorissette@example.net', '', '82d66304147aa8a64f55a060a0221c9399ed4841', 0, 0, 0),
	(535, 'Prof. Rocio Bahringer MD', 'berge.karley@example.org', '', '929a71498465cfcfef89f3032df12e1bdfc794b3', 0, 0, 0),
	(536, 'Prof. Dariana Zieme III', 'hudson.quinn@example.org', '', 'f8ea0a5a1b6f5b49768f9f7cd709b4a7925a47e0', 0, 0, 0),
	(537, 'Icie Pacocha', 'lowe.alessandra@example.net', '', '5ff8bfea0bf1be5c47a7bc92144ae3807e324210', 0, 1, 0),
	(538, 'Giles Reinger', 'wrodriguez@example.net', '', '024ba69786458795507edaf873a91efd54ca6b01', 0, 0, 0),
	(539, 'Lucious Stark DDS', 'watsica.joesph@example.net', '', '0e836cbf81a25a862720443664d640f7868ee6c9', 0, 0, 0),
	(540, 'Rashawn Thiel', 'beverly.crona@example.net', '', 'b9232b07a6309319432d7db29a8c28e9f881e346', 0, 0, 0),
	(541, 'Chanel Casper', 'hiram95@example.org', '', '32acdb739433988ef6feae62c42d8e99e3be20bd', 0, 1, 0),
	(542, 'Katlyn Murray', 'hilpert.adeline@example.org', '', '08fc38feb6d10fb65eaaa9f86ee578d2dbc97c51', 0, 0, 0),
	(543, 'Lora Davis DVM', 'khilll@example.com', '', 'fffdc257e7528aba1fe80f407d55d4778c083fcc', 0, 1, 0),
	(544, 'Prof. Jamey Turner Sr.', 'd\'amore.evie@example.com', '', '9ba51420f53bf6ff522dd8dbbe135e82dfbbc1b8', 0, 0, 0),
	(545, 'Dr. Carroll Shields DDS', 'tcassin@example.com', '', 'c15c0977eb12dae394286e405bab22f1e257c058', 0, 1, 0),
	(546, 'Deshaun Fadel', 'eldred25@example.com', '', '523fa988b06c52d88e9ae7104274eef9efc7dcb5', 0, 0, 0),
	(547, 'Colt Gutkowski', 'casper.annetta@example.org', '', '9fceacfaa83cc4610637ed9b2511290b19f2369c', 0, 0, 0),
	(548, 'Ms. Alysa Renner', 'npollich@example.net', '', 'd317db551f4784276f570632621732701601f846', 0, 0, 0),
	(549, 'Ramon Goldner', 'ohermiston@example.org', '', '24da9258817c44d45048383b720b88fd72776574', 0, 0, 0),
	(550, 'Elvis Hoppe Sr.', 'goldner.jayson@example.org', '', '06e31415dabcbea50be04d5e30b387090231613f', 0, 1, 0),
	(551, 'Vita Koss', 'abdullah70@example.org', '', '819d6734d5688ab00d7a95f135f8a39e43629be3', 0, 0, 0),
	(552, 'Dr. Geovanny Marquardt', 'pveum@example.net', '', 'aad3dd8106cd2f41c1877ab4857c0957a12c98d7', 0, 0, 0),
	(553, 'Darby Feil', 'qwindler@example.com', '', '296093d056b56b6a3aba2ff1cde904ad56673c50', 0, 0, 0),
	(554, 'Dr. Mack Thompson', 'walker.guido@example.org', '', '29b950533ab7970c28ace1e9c46985482565c6aa', 0, 1, 0),
	(555, 'Anita Osinski', 'ulesch@example.net', '', 'c860542a3af8fa0ede716af6132624783c595764', 0, 0, 0),
	(556, 'Breanna Cronin', 'xcummings@example.org', '', '2fbd7e9e89623cb7ad49d2ea5a144a7326620b49', 0, 1, 0),
	(557, 'Prof. Amira Crooks', 'connelly.bertrand@example.com', '', '393d93865793b28c3d60f476dea9d11619d1d079', 0, 1, 0),
	(558, 'Dr. Dayana Little', 'nyundt@example.net', '', 'ed28215effea500e0dd1d63accfde34e2a38ef8f', 0, 0, 0),
	(559, 'Mrs. Muriel Rolfson DVM', 'hilda77@example.org', '', '55f619dcea8b879f9f7b95be5c9bb6166cfb7bc8', 0, 1, 0),
	(560, 'Miss Tiffany Zieme Sr.', 'reuben12@example.net', '', 'f356c4d5b864edea703394aab5ca27ea64eac1b7', 0, 0, 0),
	(561, 'Dr. Maxie Lind DVM', 'oral.zieme@example.org', '', 'f9b98236ecae7ed27dc8760c0f51fd7e39034088', 0, 0, 0),
	(562, 'Sierra Kub', 'abner.boyer@example.org', '', '244b62024562a9076c4ae8b4645e6d8ebe801190', 0, 0, 0),
	(563, 'Prof. Johnson Bogisich V', 'lauretta.bahringer@example.net', '', '0650574c6061354ccbc3f115851cad86a1ffa7d8', 0, 1, 0),
	(564, 'Teresa Crist I', 'schultz.bo@example.net', '', 'ba964b4fadc7eecf44c55ab13c00dfb6f7264bf9', 0, 0, 0),
	(565, 'Travis Breitenberg', 'rosa46@example.net', '', 'ca0a336c77f1a34b7aa7cdc67aab515ff969281c', 0, 1, 0),
	(566, 'Sienna Murazik', 'ceasar89@example.org', '', '300af6b29a8111f9e4d466c314bc6499e33ddea5', 0, 0, 0),
	(567, 'Clarissa Schultz', 'cordelia26@example.org', '', '80432922ed5f8c9ce89f4b42986c2a71c4895bd5', 0, 1, 0),
	(568, 'Elliot Schuster', 'kieran10@example.org', '', 'ee148ba95bc9843f0a2476504639de9022eed607', 0, 1, 0),
	(569, 'Ms. Alysson Champlin', 'bailee.crooks@example.com', '', '5d8f4dddb2cb5af1400076f2887a57f98efb893c', 0, 0, 0),
	(570, 'Ms. Harmony Blanda', 'streich.name@example.net', '', 'ac58132a5e1c494a2566efa3dabab196f6ffe6ef', 0, 1, 0),
	(571, 'Bonita Bauch', 'gino66@example.net', '', 'eb3695016782f9fb8b148c868065488f05af3620', 0, 0, 0),
	(572, 'Nicolas Quitzon IV', 'eschumm@example.net', '', 'beeb8f5214038dddcfa99332dee288ad17d7a614', 0, 0, 0),
	(573, 'Prof. Vincent Schoen', 'littel.kirsten@example.org', '', '256b4b400a0d8504e1a5bd7bb31dcee1063a92a2', 0, 0, 0),
	(574, 'Daryl Considine', 'rylee19@example.com', '', '7ccc33529e491c1372998b6e6263d813ba6dfde3', 0, 1, 0),
	(575, 'Prof. Noe Dietrich PhD', 'benny.hane@example.net', '', 'a77e5d12020fb2e086930a7d41a1a94f931c4562', 0, 1, 0),
	(576, 'Rachel Schuppe V', 'danielle.cartwright@example.org', '', 'f8d7f62cb41db385f7b8e0d56449f194fa612857', 0, 1, 0),
	(577, 'Terrill Howell', 'lcrona@example.com', '', '7d0d893dfc420ccba0dd1165d07f0be7a564890b', 0, 0, 0),
	(578, 'Dorris Walsh I', 'davonte.romaguera@example.com', '', '2c479f485a676bd924dc4fe90dc9a1d529db4015', 0, 0, 0),
	(579, 'Prof. Marina Douglas I', 'sammie53@example.net', '', 'd07e1751e216edb6790b4733f3b6a76adc82af54', 0, 1, 0),
	(580, 'Desmond Kessler', 'hirthe.marietta@example.net', '', '96fd46aa16510088879766466917314b326839ac', 0, 1, 0),
	(581, 'Isaias Berge', 'kuhic.aubrey@example.net', '', 'e87764bffa9a37608564d481624450f0c8d3f74f', 0, 0, 0),
	(582, 'Rosemarie Kessler', 'keshawn.carroll@example.com', '', '64b84ca0541fea323ee851ded7ed42bd8452dd2a', 0, 0, 0),
	(583, 'Dr. Jaclyn Feest', 'wunsch.santos@example.net', '', '4a2ea5b632eec5ca052e0b5800574ed57bd424d3', 0, 1, 0),
	(584, 'Irwin Block', 'roscoe64@example.org', '', 'bb315c2cb9e6efe248364bcba0afe75369cbc79e', 0, 0, 0),
	(585, 'Sibyl Bernhard II', 'ikub@example.com', '', 'f1b465491d27173135dc9628340d06496956c9f6', 0, 0, 0),
	(586, 'Mr. Arne Grady', 'roger.wisoky@example.com', '', '6ac00b130f4e3e46f6d7e8efaedf797694286e75', 0, 1, 0),
	(587, 'Ms. Cheyanne Wolf', 'oheathcote@example.org', '', '8f178dd9ebf1818be4fe7ac20327919b41a15990', 0, 1, 0),
	(588, 'Jonathon Hettinger', 'giles.gaylord@example.org', '', '00a9238d486585eda323487482548e1c720cdfa5', 0, 1, 0),
	(589, 'Keira Bins', 'neva.olson@example.com', '', '05059f2a547d547d9fc2ce5b6412ab6932e0d819', 0, 1, 0),
	(590, 'Prof. Emiliano Prohaska', 'alfred78@example.com', '', '846ce2f9ec16329fb216dae82c39de6fbf66af51', 0, 1, 0),
	(591, 'Prof. Devonte Bahringer Jr.', 'qmurray@example.net', '', '9286f85d9cd20f824f6ad57efc698f4b456f1366', 0, 0, 0),
	(592, 'Princess Kassulke MD', 'aracely13@example.net', '', '1efd9494835c875962a9407a916ab5b58706f91b', 0, 0, 0),
	(593, 'Tatyana Luettgen', 'bartoletti.elwyn@example.com', '', '0442936def3a4f813eb2840ff499b26317eab147', 0, 1, 0),
	(594, 'Greta Hegmann', 'sandrine16@example.org', '', 'eecb53b7fcbc69d693685fd9413b872000b13e2a', 0, 1, 0),
	(595, 'Amber Haag', 'wgutkowski@example.org', '', 'f584ddbbc0844ce33c4a35d6425e6d016625b775', 0, 1, 0),
	(596, 'Lamar Schiller', 'sadye.bartoletti@example.org', '', 'c5296da21602797b9a79b774a3663215a3cd1b2c', 0, 1, 0),
	(597, 'Prof. Arvilla Carter DDS', 'cole.cristal@example.com', '', '0fcab1a74f5c4d89eb6b881fd8d20d20263008ad', 0, 1, 0),
	(598, 'Mr. Russel Murazik', 'ncummings@example.net', '', 'fff1246b1544530f01409ff0257b5f1aa998f37f', 0, 0, 0),
	(599, 'Dr. Elda Fritsch', 'simeon69@example.com', '', '74adc3cb4482166ec5014ece212d4c22da1c7201', 0, 1, 0),
	(600, 'Yolanda Heller V', 'tbernhard@example.org', '', '649952b20852ab5e16f3e8d2f154c6c61a0fb2da', 0, 1, 0),
	(601, 'Mrs. Anna Kulas MD', 'bschroeder@example.org', '', 'a81b7be1e2e3c933fdb621e34eb1bb025cdacb9c', 0, 0, 0),
	(602, 'Hollis Deckow', 'kkoch@example.com', '', '1f196b4570062d2b945716b4cf90ea7cd73bee0d', 0, 1, 0),
	(603, 'Muhammad Gutkowski', 'geoffrey.kovacek@example.com', '', '465206e93a4c3168e98b51288f51454251c78c03', 0, 0, 0),
	(604, 'Leland Dicki', 'jarvis.gerhold@example.org', '', '705abaad9350809360d1cc0bb21902c3b5c0d580', 0, 1, 0),
	(605, 'Prof. D\'angelo Carroll PhD', 'ibernhard@example.org', '', 'f21fc5dfb68c93631cce337603bb230d924a6b34', 0, 1, 0),
	(606, 'Lenora Harvey', 'jordon43@example.net', '', '59f9db65ed36218c931516c4399c407c4a9d6953', 0, 0, 0),
	(607, 'Daphney Zboncak', 'qmckenzie@example.com', '', '33d61c8e471c7cf4c7dabab6023c06cbeeb76660', 0, 0, 0),
	(608, 'Mrs. Verda Hoeger II', 'kaitlyn.balistreri@example.org', '', 'dce118799e8e3097bdcbbfb30a812b8d3d715183', 0, 1, 0),
	(609, 'Adelbert Friesen', 'leanna.koelpin@example.org', '', 'df9729513cc70ae4c5651e91c74791300c93267c', 0, 1, 0),
	(610, 'Prof. Nat Streich DVM', 'lowell.labadie@example.org', '', '89ae00461355dfc9c6bfad9d37052107575fe2c7', 0, 1, 0),
	(611, 'Mrs. Marcelina Gusikowski V', 'osbaldo02@example.com', '', 'a47db4f48da4ac4e9a492530cbc92d26a2db673b', 0, 0, 0),
	(612, 'Prof. Jared Wintheiser', 'cremin.lelah@example.com', '', '9068b0c2d5a9a8103e5aa495e9447fad29c5f530', 0, 1, 0),
	(613, 'Izaiah Feil V', 'katelin.gutkowski@example.org', '', '4b919c4c563c294638e6ca059f01402bce6d808b', 0, 1, 0),
	(614, 'Adrain Lebsack', 'travis03@example.net', '', 'f632012c19c0fa7b9182da39f451853b665aff70', 0, 0, 0),
	(615, 'Jaida Lebsack', 'rolando29@example.org', '', '03ef99d74643c2efba92be9400435f9b5eb1d5ec', 0, 1, 0),
	(616, 'Trycia Lind', 'cjast@example.com', '', 'ef327f7f7279d99a5766de5276dd7d189cd41a2a', 0, 0, 0),
	(617, 'Ms. Albertha Kuphal MD', 'elody.medhurst@example.net', '', '715054ef3ea6e1e4cb0fa0d4493d02ab3f8c2a7d', 0, 0, 0),
	(618, 'Krista Bartoletti MD', 'miles.stehr@example.org', '', '654da12dc1ead5648824fe0ce110f4200a0a9b05', 0, 0, 0),
	(619, 'Araceli Spinka', 'bailey.kitty@example.com', '', '868dd47184a866806f147f9640f0b7a4116db442', 0, 0, 0),
	(620, 'Eino Labadie', 'carroll.kobe@example.org', '', 'ff17041e7fe3c0246a4685993ff06becc81083a6', 0, 0, 0),
	(621, 'Barney Terry DDS', 'bryon.koepp@example.org', '', '368a440dcd662b1dbaccc06cba28986ce01fce6e', 0, 0, 0),
	(622, 'Jerrod Hartmann', 'violet.lesch@example.net', '', 'd50bef6014b218af61c802302f8fa1bd4b7072cc', 0, 1, 0),
	(623, 'Eileen Kertzmann', 'langworth.jennifer@example.org', '', '9f7777aa7d11af43aea8b7f76a8359ee61d72554', 0, 0, 0),
	(624, 'Joana Powlowski Jr.', 'veum.llewellyn@example.net', '', 'b6c72dc2acd56158a8413ad1a086b0fdfc6a949a', 0, 1, 0),
	(625, 'Margarete Conroy', 'frieda18@example.com', '', 'b9db59efe3332a00b37b0ef6527bc68f59d4ea1e', 0, 1, 0),
	(626, 'Raul Weimann', 'zula.hagenes@example.net', '', '6bd2c9abb22b78bfae78ab9badf580dc8a0dcdc7', 0, 0, 0),
	(627, 'Felicia Lebsack', 'loma.streich@example.com', '', '0fc218ef6ef99de0f31347461a43acaaafd70c82', 0, 0, 0),
	(628, 'Sierra Swaniawski Sr.', 'austen.watsica@example.net', '', '39a38a96c23f7b5187c8bad309a6b63df8d6717a', 0, 0, 0),
	(629, 'Marjory Rolfson', 'vandervort.augustine@example.com', '', '7d8aa0518ebf2eed6d68a4ee01a48e7fd986e0da', 0, 0, 0),
	(630, 'Ethyl Schamberger', 'dmcdermott@example.org', '', 'e88eb5d217c7f91a47e62c951132dc66767118d6', 0, 1, 0),
	(631, 'Mr. Dee Haley IV', 'eharber@example.net', '', '0b1dc6df10f46af62095c339e603658c46dfbf06', 0, 1, 0),
	(632, 'Dr. Bettie Funk', 'jimmie36@example.net', '', '8f8db18e356ca4e87dbbf3324e95065bc8c5eb80', 0, 1, 0),
	(633, 'Ivy Torp', 'toy.gregg@example.net', '', 'd23535b38408c1358914c8dbc737349a1580e34a', 0, 0, 0),
	(634, 'Stanford Schaefer I', 'tressa12@example.org', '', '4e266995f241a2aa0c3ff3910ef23fc012866043', 0, 1, 0),
	(635, 'Karlie Lockman', 'wilmer20@example.com', '', 'dd094fc44552e8359b288795d3585ec82f0f9502', 0, 0, 0),
	(636, 'Letha Donnelly', 'shemar.corwin@example.com', '', '7e3dc2da63d29f7a24a6fd6d3619e503cff206fc', 0, 0, 0),
	(637, 'Mr. Mohammed Swaniawski Jr.', 'zoe09@example.com', '', 'a735697250b4b954218e3fee2f13f04652344979', 0, 0, 0),
	(638, 'Zachery Yundt', 'hdare@example.com', '', '4742cff80fac9ded80b4239a3b9ab69dc0187e67', 0, 1, 0),
	(639, 'Mr. Dewitt Zulauf IV', 'shirley.nolan@example.org', '', 'bb9ec0cbab590c68c3a71f8b2aed2af919f5fde6', 0, 0, 0),
	(640, 'Jo Hodkiewicz', 'buck61@example.org', '', 'a71acb04ab0a15a2cec36e0057a2fb09bbb307e8', 0, 1, 0),
	(641, 'Mr. Kelton Senger', 'emelie42@example.com', '', 'a63bac67d12b7f26c8ead85146c7cf8dd059333d', 0, 0, 0),
	(642, 'Ms. Jody Weimann', 'theo.dooley@example.net', '', '241ac774385d76f06dfd1f9faacbd148680c348d', 0, 0, 0),
	(643, 'Rosetta Hirthe', 'rocio21@example.org', '', 'bb887669ae4a869d78299bf9a2fa6539b53a6567', 0, 1, 0),
	(644, 'Jonas Zboncak IV', 'cmcclure@example.com', '', '9aef0dc7c35ddcf2977de1d08a9a320f12dfff4f', 0, 1, 0),
	(645, 'Reynold McLaughlin', 'daisha.ratke@example.com', '', '1dca0153c8d6676c26797a29f16634f3ecc20a98', 0, 1, 0),
	(646, 'Ila Gibson', 'justus67@example.net', '', '8863fc847b41595d8914042a9f644e656f2dd6b4', 0, 0, 0),
	(647, 'Vena White', 'dorothea.beahan@example.com', '', 'b39912b1a398034557edd656f6d9d47c594829bc', 0, 0, 0),
	(648, 'Delta Carroll', 'magdalena.gaylord@example.net', '', '8fc622244930958d5845055b428f07df983c1e80', 0, 0, 0),
	(649, 'Anita Schultz', 'nkeebler@example.net', '', 'adc3d724005abcfc0c65cdeee936ebfef2e8ac3a', 0, 0, 0),
	(650, 'Dr. Vivienne Gaylord V', 'raynor.ken@example.org', '', '3a5bf96a344878a9e2ccbb2ef508929983b19357', 0, 0, 0),
	(651, 'Prof. Lillie Thiel PhD', 'velva18@example.org', '', '3ddf9adf74d78c5b6ed11471bd4c732bacae2a7d', 0, 1, 0),
	(652, 'Solon Wisoky MD', 'filiberto.skiles@example.net', '', '6f4b7b5c393806d04b845ba5d8a28d988d7ba092', 0, 0, 0),
	(653, 'Ms. Rachelle Waters MD', 'dmayert@example.org', '', '310da25d8487067b2ada77895a12901784a943ab', 0, 1, 0),
	(654, 'Chaim Schmidt', 'rgottlieb@example.net', '', 'de618e3d1a8c08d539d8f4ddd03450cc6b5aab60', 0, 1, 0),
	(655, 'Bethel Windler', 'shayna.ferry@example.org', '', 'cb3bad3ee46fc127dda516e0897cd508470530e2', 0, 1, 0),
	(656, 'Icie Medhurst', 'amir82@example.net', '', 'baa564d83148ffcc3ade21d34da486f4cc9ad3da', 0, 0, 0),
	(657, 'Queen Miller', 'adolf.stracke@example.com', '', 'e2fdb9b9b095caea88a7fcd6038da754d8efcc1c', 0, 1, 0),
	(658, 'Baby Kertzmann', 'fosinski@example.net', '', 'eb09ce376982f25364bbf7083eab2ca184f435b4', 0, 0, 0),
	(659, 'Carolyne Zemlak PhD', 'o\'reilly.brett@example.com', '', '473a1a44261dbf65f0fcca20e1917d327b50b028', 0, 0, 0),
	(660, 'Dominique Sawayn', 'wbechtelar@example.net', '', '93aa6a0eeac15a4a3ff548bef934197b4657a9b0', 0, 0, 0),
	(661, 'Liliane Padberg', 'bennie.herzog@example.org', '', '74b503495917fb2ec01365a3f9e3f3fdb9b32c9a', 0, 0, 0),
	(662, 'Amie Prosacco Jr.', 'mmann@example.com', '', '5356fd7ec0ca5f13774c33af6e66373ec41275d0', 0, 1, 0),
	(663, 'Wilber Hane', 'ischimmel@example.com', '', 'fc4c3397f0fc2ad06765be1a0aec745660852bb5', 0, 1, 0),
	(664, 'Sterling Murray', 'zcorwin@example.net', '', '059fe61c518d604bde2847c567412a06cd938359', 0, 0, 0),
	(665, 'Shirley Schulist', 'madisyn.gorczany@example.org', '', '4cdaa120a598d7adfda70024fd0b424a6209f9b9', 0, 1, 0),
	(666, 'Uriel Windler', 'zjones@example.net', '', '8069979700f976b4c2aabe47e319b47c749d97b0', 0, 1, 0),
	(667, 'Kellen Labadie', 'imogene.sipes@example.com', '', '2dfbec918ccbc03992c174f4dacb8599a5c8b42d', 0, 1, 0),
	(668, 'Torrey Considine', 'chyatt@example.com', '', '8912a7706e19265b72ea74c09a2162cb8b0ca66b', 0, 1, 0),
	(669, 'Madisyn Kuhlman', 'danielle51@example.com', '', '2a53b7715c1418871255eb25fcb267e5cc923b9c', 0, 0, 0),
	(670, 'Brittany Little', 'witting.berry@example.org', '', 'e699018058c64513fd3645e9b8a25be4e60cac15', 0, 0, 0),
	(671, 'Simeon Bednar DVM', 'lebsack.hildegard@example.com', '', '6b0cc33194f25f6c89a79a31776be3bd77774063', 0, 1, 0),
	(672, 'Durward Crooks Sr.', 'haskell.bernhard@example.net', '', '27929459290ba6765382ef59f25ead7223c2f8a2', 0, 1, 0),
	(673, 'Dr. Retta Jaskolski MD', 'annie.morissette@example.net', '', 'adc2ea0e97f6c64b8caa11122613a3337b0531fb', 0, 1, 0),
	(674, 'Noel Mayer', 'georgette.oberbrunner@example.com', '', 'fb585a780290f810188ffdef1e9d5d88a3c22866', 0, 0, 0),
	(675, 'Wallace Rogahn I', 'schroeder.angus@example.org', '', 'e5f51e2c5ade3e4d7097194e9d0caf77b1fafd22', 0, 1, 0),
	(676, 'Pete Bins', 'schmidt.laisha@example.com', '', 'ef08a3bb5dd9c77949e75a6c62d51479058e826e', 0, 1, 0),
	(677, 'Gloria Dicki', 'crona.larissa@example.net', '', 'd7e48c3960c030df2cb68321dfa57e36a985e1bc', 0, 1, 0),
	(678, 'Gretchen Wisoky', 'russel.hadley@example.com', '', 'c9e8fa44b7f873867fef0abed5bb0b7a625c3dfc', 0, 1, 0),
	(679, 'Thora Adams', 'bkiehn@example.com', '', '24f9bae95a6cd22fef87c0f052e1b1f2341ac38d', 0, 0, 0),
	(680, 'Mr. Otho Gerlach', 'nlangworth@example.org', '', 'cf09c47b82011b1e496f7e90681b26e3d3c7b90d', 0, 1, 0),
	(681, 'Jana Klein', 'lehner.jillian@example.net', '', '89416cb24f6e645fbd09ce511a6b292e334a4887', 0, 0, 0),
	(682, 'Meghan Prosacco Sr.', 'nauer@example.net', '', '1aac8be36777f5b86ee14a800047b4a9abe1428a', 0, 0, 0),
	(683, 'Dillon Medhurst', 'huel.cordia@example.net', '', 'cf2f322643d4c90b4ac9c13ecbff1ccc7a41fff7', 0, 0, 0),
	(684, 'Alfred Koss', 'fkautzer@example.org', '', '1351d7d98e8be07e5cbf94f22f088ec9345ed09e', 0, 1, 0),
	(685, 'Prof. Okey O\'Kon DDS', 'fay.delta@example.org', '', 'c2c1eef2d803e5ebaeaeaeda0420a86d31917b80', 0, 0, 0),
	(686, 'Travon Walter', 'waters.eliane@example.org', '', '2a6ce26c830027479e41e1d3fed63acdc8d43982', 0, 1, 0),
	(687, 'Ferne Weber', 'laurel.fahey@example.org', '', '32b5d040f154297cab2884f6e3164b5270995124', 0, 0, 0),
	(688, 'Miss Effie Bashirian', 'gaylord.stanley@example.com', '', '1ce19ff82eeb976f4426e4a6680965ddc895ef5f', 0, 1, 0),
	(689, 'Philip Dietrich', 'solon.welch@example.org', '', '91ddc9a4ebf264dbf31ddfcab0ba092c58af2c74', 0, 0, 0),
	(690, 'Cecelia Ziemann', 'ceasar75@example.com', '', '249445e8820ad3bb3d17e956e5e2958a4e7773eb', 0, 1, 0),
	(691, 'Dr. Mireille Kutch Jr.', 'xauer@example.com', '', '5a707eafd30d7ed926764cfa65f438aa8d516b00', 0, 1, 0),
	(692, 'Leif Stiedemann', 'milo50@example.org', '', 'ba6b89282770f4d5e6e517c668b6571e2744804a', 0, 0, 0),
	(693, 'Jay Bode MD', 'gideon.nikolaus@example.com', '', '2044e89d5e1e28209040a4332388ade4373a7f1a', 0, 0, 0),
	(694, 'Mr. Raheem Schmidt', 'zswift@example.net', '', 'c84cc795fc9996fa31965e86b7032f9693a376a8', 0, 1, 0),
	(695, 'Dr. Estella Douglas II', 'hudson.lourdes@example.net', '', 'ffa2b59f2cf34416a25db8cb7e8afc804d5d3d1e', 0, 1, 0),
	(696, 'Maybell Simonis', 'mcclure.susanna@example.com', '', '817ff721078737910757b491904308de00ecf7af', 0, 1, 0),
	(697, 'April Ziemann DDS', 'eladio.prohaska@example.net', '', 'b0845cab318c3579e219a8d9e51463cd9175587d', 0, 1, 0),
	(698, 'Darien Osinski', 'lkoelpin@example.com', '', '7f8d6cadabd015ab9b7062e28cd106bf11f6215c', 0, 1, 0),
	(699, 'Soledad Reichert V', 'jerel.gibson@example.org', '', '88574f01f5e8a5fb949dbb00e22f587edace5d66', 0, 0, 0),
	(700, 'Miss Rosalinda Green', 'reanna.heathcote@example.net', '', 'e1a528857bc76bb63e927b3a192d31f1c590f209', 0, 1, 0),
	(701, 'Erling Rau', 'pierre54@example.net', '', '57b85bdbba9bcb31f447e96a93e1333d890fdf6f', 0, 0, 0),
	(702, 'Jimmie Schaefer', 'vivian29@example.com', '', '0fcc488c117d0027b8f56c15cb011f5302393ee7', 0, 1, 0),
	(703, 'Lavon Hessel', 'isobel14@example.net', '', '53e2561c6be635eeda7dcdca5a19e93c847a406f', 0, 0, 0),
	(704, 'Jacinthe Funk', 'vbotsford@example.org', '', '816181d9958b9548d1ef53094edfd8daaf62491e', 0, 1, 0),
	(705, 'Jaida Hessel', 'denesik.horace@example.net', '', '98ff30ae6da4cfdd607aa570c3963c1a27efe926', 0, 1, 0),
	(706, 'Mr. Wade Batz Sr.', 'sporer.patricia@example.com', '', '45fd97c329bbfdfaa98326e047175fdaaf45177e', 0, 1, 0),
	(707, 'Monserrat Murazik', 'lwolff@example.com', '', '68ff33b37c4b216bef1d783259b3d87e1c8e8835', 0, 0, 0),
	(708, 'Peter Farrell', 'elwyn48@example.net', '', '68f89b0ef5f506e04321c1caf494b222fbc067ba', 0, 1, 0),
	(709, 'Ocie Crist', 'lafayette15@example.org', '', '46b61ca47dd65fa73db467bd61ef302c32270107', 0, 1, 0),
	(710, 'Miss Santina O\'Connell V', 'thomas.abbott@example.net', '', 'dee2b41b859cf0a12bb2bbf3f2322d0af386e5b5', 0, 1, 0),
	(711, 'Antwan Terry', 'bell.maggio@example.org', '', 'a85192bebc13de7f6b5f9dd9e338ab33d124a498', 0, 0, 0),
	(712, 'Dr. Ubaldo Okuneva', 'sheila79@example.com', '', '82e04d85cc98d17d2dc3ba1b4cd68b6e555ead39', 0, 0, 0),
	(713, 'Horacio Denesik', 'schiller.shanon@example.net', '', 'f8b6a3fbb01ce7f9909105c0320ccdf309a69314', 0, 1, 0),
	(714, 'Miss Madelyn Feest PhD', 'darwin.homenick@example.com', '', '4e5e1a4eee554e3b1a0a2f4f81f778dd4ec16e7e', 0, 1, 0),
	(715, 'Mossie Weimann', 'beier.gregorio@example.net', '', 'a8a174ba503df43cb874068542dd60da9c29eb2d', 0, 0, 0),
	(716, 'Ibrahim Kuphal', 'phyllis34@example.net', '', '5ad9fd6656fc3265be286dfb66eb3d94d9556c53', 0, 0, 0),
	(717, 'Julia Braun PhD', 'senger.jayme@example.org', '', 'f23c63907fac85d4f2e21f65a23cc114a9d776b3', 0, 0, 0),
	(718, 'Mr. Bailey O\'Keefe PhD', 'bret.cruickshank@example.com', '', '5ea99dadc50b2438caa28e26acf416fa781c38a4', 0, 1, 0),
	(719, 'Dr. America Kiehn II', 'veronica.altenwerth@example.com', '', 'a5c518b24b980bbf5b4026ae52239090da41c057', 0, 1, 0),
	(720, 'Miss Lia Bauch', 'kozey.darren@example.org', '', '85b95ab35fa888a6a2172a5a83ef3b6b1df1873b', 0, 0, 0),
	(721, 'Darrion Becker', 'jessica45@example.net', '', '9ceba2934619e6e2048fe3626b8385cc0037aa73', 0, 0, 0),
	(722, 'Pierre Purdy II', 'naomi32@example.com', '', '7043a0a15a06975c315b5dac08835571be888eed', 0, 0, 0),
	(723, 'Gust Bailey', 'kshlerin.ava@example.net', '', 'db3b9bb5e1508204d7197a1fd060dfbedd7f4fe0', 0, 1, 0),
	(724, 'Prof. D\'angelo Cronin I', 'liliane22@example.com', '', 'ab3d9023a0397931ed530f1784588a7caecc42b6', 0, 1, 0),
	(725, 'Miss Avis Greenholt PhD', 'karley23@example.net', '', '3ca71b3b9d209f2d216e87cb53fe31818b5430fd', 0, 0, 0),
	(726, 'Conner Beahan', 'vonrueden.malachi@example.com', '', '5d575f051bb1a0a948b51cee2e9463fe3209e436', 0, 1, 0),
	(727, 'Ms. Lorine Simonis Jr.', 'turcotte.geraldine@example.org', '', 'b7a66b154b5a923393b409a76e95fb93ef1342bd', 0, 1, 0),
	(728, 'Dr. Vito Gusikowski', 'marilyne89@example.com', '', '6cf01ff099052a7d443060e219bb45fe13a01587', 0, 1, 0),
	(729, 'Mrs. Aletha Flatley V', 'hayes.bart@example.net', '', '9cc0eb6a1dc6022829408b3bc31a69a944b53cc2', 0, 0, 0),
	(730, 'Trace Torphy', 'angeline31@example.com', '', 'f1b64e96f2ba0b13315e1212cd829ef1adbd502c', 0, 1, 0),
	(731, 'Miss Taya Keeling MD', 'name.wunsch@example.org', '', '0f874669245dc0832abe68af74d33b114980caf2', 0, 0, 0),
	(732, 'Mrs. Kaelyn Corkery V', 'ritchie.ashton@example.net', '', '076ad181bc52118579249b7616a10af2dfb558bc', 0, 1, 0),
	(733, 'Lilly Jacobi', 'upton.reed@example.com', '', '0449e1edd5e90e50b3a1232a4d01309ee6efb2cd', 0, 0, 0),
	(734, 'Mr. Jerry Bartell', 'clementine.graham@example.net', '', '866c856afa6f91f8f4835abebc878e610eb8c4d7', 0, 1, 0),
	(735, 'Electa Zemlak', 'tstanton@example.com', '', '1bb41a45d7b434ad8a3afa3366a22f6e886c71ca', 0, 1, 0),
	(736, 'Tomas Welch', 'johns.onie@example.org', '', '531ea7c46822149ec1dadd00210095c2b6afc398', 0, 1, 0),
	(737, 'Miss Jane Lakin II', 'grover.rowe@example.net', '', '1e71b311cbf0f1bbda91de595779ba2a9461a1b2', 0, 1, 0),
	(738, 'Mr. Lew Aufderhar', 'greenfelder.wava@example.org', '', '1623d6ecf04d709d92dc54e2b972fa3fbffc927f', 0, 1, 0),
	(739, 'Theresia Jakubowski', 'rmante@example.net', '', 'a373c2c7d3ff3becdc673744927975d294344a23', 0, 0, 0),
	(740, 'Prof. Hollie McDermott I', 'ymurray@example.org', '', 'e0ebb00da55243b276758da6f299ba5f31f8960b', 0, 1, 0),
	(741, 'Dr. Christian Feeney', 'mayer.krystina@example.com', '', 'a24a64dfc90aa1dbf548bc17d8c735f5bddc87d8', 0, 1, 0),
	(742, 'Bailey Lockman', 'magdalen58@example.org', '', '9c59bb1b4f519d013cb2ccbf72cd8f7803557baf', 0, 1, 0),
	(743, 'Desmond Thiel', 'retta28@example.org', '', '7119f7dccb13b8917dc490ac8995867b74f6f0de', 0, 0, 0),
	(744, 'Watson Parisian', 'cynthia.marks@example.net', '', 'f09724c8458841198b368bec3958510f094947c0', 0, 1, 0),
	(745, 'Libby Leffler MD', 'williamson.stanley@example.org', '', 'cd6c8bc2450eefb03c7129ead0bcd69da24ebd09', 0, 1, 0),
	(746, 'Sidney Greenfelder II', 'hoeger.ellie@example.com', '', 'd851293726d1428a90725c1fe8a566cca09d7945', 0, 0, 0),
	(747, 'Talon Beier', 'albertha.roberts@example.com', '', 'a6c3634b2a47cfede4432fce7aa8f58b32020473', 0, 1, 0),
	(748, 'Mina Willms', 'fheathcote@example.net', '', '1148f489d26dbcaacfdcc9600e500d95933ebc66', 0, 0, 0),
	(749, 'Doug Hermiston', 'fadel.earnestine@example.org', '', '84ab348debd812953f03f1d0ad776803a63b746f', 0, 1, 0),
	(750, 'Nia Bergstrom', 'brandon.witting@example.org', '', '740ffb40a2c0578304d228cf0f5acc9e3567b425', 0, 1, 0),
	(751, 'Gregoria Satterfield', 'vivien.roob@example.net', '', '13889ae32e630632714e9506b3d315662c484153', 0, 1, 0),
	(752, 'Mrs. Magali Goodwin MD', 'halvorson.jaylin@example.com', '', '3a1ac43937e004ac3662ac3d8d63c41b038af894', 0, 1, 0),
	(753, 'Kacey McKenzie PhD', 'rau.miles@example.com', '', 'ae6cbfeb0016dfafcf6369fd48e918546e85eef6', 0, 0, 0),
	(754, 'Mr. Coleman Heidenreich', 'hulda.watsica@example.org', '', 'fcb44259e436f1a0775f0f6ed9d790fa98fe2bff', 0, 0, 0),
	(755, 'Dr. Narciso Balistreri', 'kane.prosacco@example.org', '', '968415753a7a114f15a012e596116128d9d845f6', 0, 1, 0),
	(756, 'Caleb Quigley', 'stephan61@example.net', '', 'bc0a38a9345241e572054fa7683fddf5cce509d5', 0, 1, 0),
	(757, 'Mr. Andre Torp', 'kuhn.rafaela@example.net', '', '208047061d5a4cb96198cbad8a5309e8204385a1', 0, 1, 0),
	(758, 'Erin Klocko', 'welch.jeffery@example.net', '', '6124deb9e989a1e4cca5122eb6432bb151802d2e', 0, 0, 0),
	(759, 'Jeramie Powlowski', 'antonetta.olson@example.com', '', '776a948a247e554e35ef7ae3a0d81c1935fac6e5', 0, 1, 0),
	(760, 'Shaina Ratke', 'kennith90@example.com', '', 'ef3a12ebfda186508badee37fc7067d8d37b4690', 0, 1, 0),
	(761, 'Angeline Satterfield', 'jerald.parisian@example.com', '', 'c34a003b53339e03e7135e0d38314c361325c82b', 0, 1, 0),
	(762, 'Daryl Emard', 'giovanny28@example.org', '', 'a58c4d09f0b9372608ee04a8b344e3e127240b6a', 0, 1, 0),
	(763, 'Dr. Hank Beer', 'scotty.green@example.org', '', '3c34e4d0efb5ce67bfd927c685e2688611290d9c', 0, 0, 0),
	(764, 'Dr. Sofia Erdman DVM', 'nmante@example.com', '', 'df56d708bc98bce5857e95e041ed2e1d5877b34d', 0, 1, 0),
	(765, 'Dr. Darren Dibbert', 'stephon97@example.net', '', 'd87a1628410880bfdef341786f8ac807996abe90', 0, 1, 0),
	(766, 'Prof. Candelario Schiller V', 'jensen75@example.com', '', '693126e280ba3071b80e6d1905ee6963e94ba19e', 0, 0, 0),
	(767, 'Alison Friesen', 'uprice@example.net', '', '4b318163e0d543d57884958b96eb62506f472570', 0, 0, 0),
	(768, 'Angel Leannon IV', 'estehr@example.com', '', '706d16b6daf637f2b44df721eac1340a33d1b7a0', 0, 0, 0),
	(769, 'Mr. Omer Veum Jr.', 'andres.carter@example.org', '', '40c401dc61a9402069d601a08bb3938d33800a2b', 0, 1, 0),
	(770, 'Wade Hudson', 'sylvester68@example.com', '', '65641d5d32011506dc65ac7fc545743b7b9d87ee', 0, 0, 0),
	(771, 'Rosemarie Wintheiser', 'zackery.brown@example.net', '', '1d97e7e10068caaabc904097722e42e379e6fd35', 0, 0, 0),
	(772, 'Katelynn Goyette', 'retta03@example.org', '', '68966b20622d722ef3f27b903216873512df8eb0', 0, 0, 0),
	(773, 'Timmy Bergstrom', 'simonis.nestor@example.com', '', 'c1e021fc9d6a7216f2355e84d906f6e87dc28c5e', 0, 0, 0),
	(774, 'Brandyn Price', 'ruth57@example.org', '', 'bebaa6fe40857f4156b94d30f23e30744b9694cd', 0, 0, 0),
	(775, 'Trever Kutch', 'faustino.murphy@example.net', '', '2b38d5c43eabc5e0b06fe11e64db9600f469cb68', 0, 0, 0),
	(776, 'Kali Veum', 'katlyn.von@example.net', '', '28cedf755fbae9d75203db5c7743f72cced9d515', 0, 0, 0),
	(777, 'Ada Rempel', 'ila84@example.com', '', '05c72febef7274d2256be892f35468b35de4c8cb', 0, 0, 0),
	(778, 'Tessie Huel', 'kailyn04@example.com', '', '613e58a04e9d438401ce6ae13b14b315133ac017', 0, 1, 0),
	(779, 'Amina Denesik', 'west.jacinto@example.net', '', '1988c656b9cbbf645fde1a23d372536ea0007f08', 0, 1, 0),
	(780, 'Jordi Rath', 'ashlynn.hickle@example.com', '', 'd2d54c3ca87dbea42760124a45fc34ff4a172668', 0, 0, 0),
	(781, 'Dr. Judy Kuhic III', 'michel.o\'keefe@example.com', '', '913a8179f60323f870abf9b3591c880a5f7128e8', 0, 0, 0),
	(782, 'Miss Sophie Hettinger I', 'jfunk@example.com', '', 'f534e5b8843b4e2c55325ee021b4afc56cb42ca2', 0, 1, 0),
	(783, 'Burnice Parisian', 'max.miller@example.org', '', '693843df85a098f8cea1d1b77381b0b5b6c50459', 0, 0, 0),
	(784, 'Remington Nienow Jr.', 'abigayle74@example.com', '', '96e70d0cad4edb47d4690f770121598097a7bfb5', 0, 0, 0),
	(785, 'Lawson Bode PhD', 'audie.kirlin@example.com', '', '5203fa96fef49fc28729eff345ca376a4e0ebc30', 0, 1, 0),
	(786, 'Willard Pfannerstill', 'porter42@example.net', '', 'ddfa86bf698cf3e7cf7f1bd47c0440df660160d0', 0, 1, 0),
	(787, 'Miss Eloise Hegmann', 'mraz.susanna@example.com', '', '89555fe03e7799731182919ad6433082a8493ab1', 0, 0, 0),
	(788, 'Prof. Leonel Cummerata', 'zena.rutherford@example.org', '', '61676048891ff90aac6e261dff54f83d695895b9', 0, 1, 0),
	(789, 'Lola Jakubowski', 'chanelle.spencer@example.net', '', '4d19ac1cce856ac3845a2b6a3ca502d482492078', 0, 1, 0),
	(790, 'Anjali Greenholt', 'frederik60@example.org', '', '05db834de6d868f6fc62a8cf72dc14490be56dda', 0, 1, 0),
	(791, 'Brant Kirlin', 'kassulke.alexis@example.org', '', '6dc671a9f272cb0afd373f29c56ef5d1208a17cb', 0, 0, 0),
	(792, 'Prof. Penelope Gorczany', 'jacinthe.abernathy@example.com', '', '1e06800c69496cf57d81d9b729fef711eda12aea', 0, 0, 0),
	(793, 'Maddison Harvey', 'uwalsh@example.org', '', '3d6fe2750d3889551fe73cdb86b4f61360a871b3', 0, 0, 0),
	(794, 'Kaela Koelpin II', 'vena11@example.net', '', '39321a01885854b46f074d73a812af732177d3ff', 0, 0, 0),
	(795, 'Prof. Andre Cummings V', 'myrtice.veum@example.com', '', 'b3ba27bd9d45777753bad4f91ce66ea6ff1bcfce', 0, 1, 0),
	(796, 'Zelma Simonis', 'schowalter.ressie@example.com', '', '95d2b493c1530b6d87e3bbf18aa395ec1a83d4d6', 0, 1, 0),
	(797, 'Susie Padberg', 'williamson.kyle@example.com', '', 'ffadfb48bca59c16b9e20fc25d1b355f20623144', 0, 0, 0),
	(798, 'Mr. Modesto Schinner Sr.', 'bluettgen@example.org', '', 'a9e60228524981320e0e64104bccc575595a77db', 0, 0, 0),
	(799, 'Hank Bernier', 'tess95@example.net', '', '03c3a6c924103b00537e5f0a252cf687b2aecf41', 0, 1, 0),
	(800, 'Jacinto Dooley', 'rippin.darius@example.com', '', 'c7e68ecc6110a305e0097d6bd178ee76790122b7', 0, 0, 0),
	(801, 'Braden Hyatt', 'freichel@example.org', '', 'd829e5b3d507be3264e3273d85e11cb34abf1826', 0, 0, 0),
	(802, 'Alba Bogan', 'jovanny.denesik@example.net', '', 'fdf85312ae284bb854f7d6ed77f283af5aef74a1', 0, 1, 0),
	(803, 'Cullen Orn', 'minerva66@example.org', '', '939ac120e8b6a85236067695d92f5b2e2fef8dc6', 0, 0, 0),
	(804, 'Kenyatta Stanton DDS', 'co\'reilly@example.org', '', '7b9579c8076b7173608c15715c54b1f161adb980', 0, 1, 0),
	(805, 'Walker Langworth', 'anahi.mosciski@example.net', '', '8bce441e45bbfbafefe4e65b5e9f9dee5db3b842', 0, 0, 0),
	(806, 'Miss Lucienne Collins V', 'swaniawski.juwan@example.com', '', '632c3ac1163028349f8f398b6ad799e00906b71d', 0, 1, 0),
	(807, 'Samanta Gusikowski', 'abner.heaney@example.org', '', '523a5010bc69134039ca951ee586480ee2cf6488', 0, 0, 0),
	(808, 'Dakota Beatty Jr.', 'abigail.lockman@example.net', '', 'cb8f67669a72af943d8b006b1110232304ee02c2', 0, 0, 0),
	(809, 'Mr. Jules Keeling DDS', 'zboncak.annamarie@example.net', '', 'fea8359759718968e3dc589d5bd7588180af2593', 0, 1, 0),
	(810, 'Electa Mosciski', 'joesph.medhurst@example.org', '', '1e853c465ba3d475cd56cfdd82e10a2d716b2114', 0, 1, 0),
	(811, 'Paxton Hahn', 'lesch.anissa@example.com', '', 'f744a89c9ad310b66d4ce32c75cfc703ac43e12d', 0, 0, 0),
	(812, 'Ms. Alysha Baumbach DDS', 'fadel.nick@example.net', '', '4703663d45dcacc378e9f68fdb479446a8eab585', 0, 0, 0),
	(813, 'Vladimir O\'Kon', 'cummerata.otho@example.org', '', '5071f169f9eb70db6e57910c2a20b6f588bbc653', 0, 0, 0),
	(814, 'Dr. Thad Will MD', 'tmayert@example.org', '', '3c9a45f7295521fae7515f80a7ca7efa2319d085', 0, 1, 0),
	(815, 'Karelle Lubowitz', 'ckemmer@example.com', '', '7c23127eaea9435efe9f8a2dc6d8b584aa81b539', 0, 1, 0),
	(816, 'Simeon Schmidt', 'henri47@example.com', '', 'f3ecec670bca994b382cf03cff41dbd0d58f410e', 0, 1, 0),
	(817, 'Merlin Gulgowski', 'jewell.adams@example.org', '', 'a4534ac81d89c5c8dc9f482322819ee393bd28dc', 0, 1, 0),
	(818, 'Elian Zieme', 'mcdermott.kiana@example.net', '', '69a1c2e2f8681cf9d2e46278abd2c3bb9878806b', 0, 1, 0),
	(819, 'Verona Becker', 'philip.bayer@example.com', '', 'a90359de26c3b52b4a0c5efd7e51e16311732bd7', 0, 1, 0),
	(820, 'Francesco Lindgren PhD', 'mgoyette@example.com', '', '0ed50a59afc0a174f1f4a9750a0779aec13969f3', 0, 0, 0),
	(821, 'Kathryne Cassin', 'chammes@example.org', '', '7c67eb43519f96f84312d29d7174d0c1dd9846fc', 0, 0, 0),
	(822, 'Spencer Marquardt', 'jeremie.o\'connell@example.org', '', 'c4e66cef0472d1e4431f5c87a85c81c238f24f45', 0, 0, 0),
	(823, 'Osborne Toy', 'ulockman@example.com', '', 'd22e8206017b515a47b0bdecf0b312b637608afd', 0, 1, 0),
	(824, 'Amir Reichel', 'cremin.imogene@example.org', '', 'dca4d090d72c71ddc776b5c012e16a214bf76a76', 0, 0, 0),
	(825, 'Jerad Christiansen', 'estrella.witting@example.org', '', 'e66ba2c594c04ad724b5235a39d6405b2d86c30b', 0, 1, 0),
	(826, 'Dr. Ryann Jones', 'sheila.bechtelar@example.net', '', '40ae13f9d16025201be9df03c8d720b2ce781f8e', 0, 0, 0),
	(827, 'Quentin Dibbert', 'ttowne@example.com', '', '35d79205700f01ef279a4c23acaf95af00ff04b4', 0, 0, 0),
	(828, 'Mr. Frankie Ziemann', 'zelda.yost@example.com', '', '26c82064de49b8bbe2d9f15a91bb38bbff55eb11', 0, 1, 0),
	(829, 'Isabella Quitzon', 'hilton.dare@example.net', '', 'a4fdad2de573717f6415df526b3956eb54fa42a3', 0, 1, 0),
	(830, 'Mr. Tyshawn Runolfsdottir V', 'schuster.curt@example.org', '', 'fc2fe00c6c1a1855250a99fae7737e3bca406455', 0, 0, 0),
	(831, 'Mr. Devan Reichert Sr.', 'cummerata.malika@example.org', '', '3a284b6d4a578cf4b3db1c141349fb2688f0928e', 0, 0, 0),
	(832, 'Sasha Lind DVM', 'barton.antonette@example.org', '', 'cff6957c74af1aa7989b811342a5b65b7f7862b0', 0, 0, 0),
	(833, 'Demetris Bailey', 'qpurdy@example.org', '', '410eb967a084e9478f136f9403ff59ae8aac151c', 0, 0, 0),
	(834, 'Nicholas Waelchi', 'abbott.luisa@example.net', '', '7124740116aad25da0e898054fbd078ad2a9d672', 0, 0, 0),
	(835, 'Roman Kirlin', 'rubie.hammes@example.net', '', '99720adccb604c5a35192f343979fcb8319a102e', 0, 0, 0),
	(836, 'Victor Bartoletti', 'mohammad.rogahn@example.com', '', 'd1aa081e31b53b8054d31ca96a51d39dba2fcc24', 0, 1, 0),
	(837, 'Olaf Muller', 'milton.volkman@example.com', '', 'f2e465b4333dd94a21fbd6b6b66be4accc6e6614', 0, 0, 0),
	(838, 'Ms. Muriel Wisozk', 'dorian.zieme@example.com', '', 'bad6119fe24ab4ef6aa3bac2368b356b16196f1a', 0, 1, 0),
	(839, 'Faye Dooley V', 'evalyn.hirthe@example.net', '', 'ecb6f8dd826fda2106969ed18876d195ac157ffa', 0, 0, 0),
	(840, 'Mark Daniel', 'salma82@example.com', '', '793c824b660703638784fc949cfff9fa91f0d10d', 0, 0, 0),
	(841, 'Rosetta Breitenberg', 'mcclure.bernard@example.org', '', 'ef0f4eb4441fa64545c80d23204458f407775e96', 0, 1, 0),
	(842, 'Jeff Kulas', 'xtoy@example.com', '', '1a1b11a585a80458a88bae52e6b623f369c6b49d', 0, 0, 0),
	(843, 'Wallace Adams', 'jose.koepp@example.org', '', '9c4d9a615e4a09f20afe2a4eec2adb19c03f5e4d', 0, 0, 0),
	(844, 'Virgil Mills Jr.', 'jamey.ziemann@example.com', '', 'c52addc8354d9d29af9ab6a832e9d05a279318bd', 0, 1, 0),
	(845, 'Marshall Hilll', 'mgrady@example.com', '', 'a12d52133c3a61bddc5422b8f46fb7908c544435', 0, 0, 0),
	(846, 'Jeffery Larkin', 'nella39@example.net', '', 'd9595367a88990198fe428e69c76dbfd69697dac', 0, 1, 0),
	(847, 'Rod Hills PhD', 'pbogisich@example.net', '', 'b942c47b00d94b935c290e4bbe15a785c2bc218e', 0, 0, 0),
	(848, 'Dr. Bryce Schinner III', 'emard.celia@example.net', '', 'c51f2112eedeaa99b17b44acf60f18a9571aac86', 0, 0, 0),
	(849, 'Melody Tillman DDS', 'rusty.koepp@example.net', '', '29f9cec4557dc4e564bbeb4c6b29b1f8526620f9', 0, 1, 0),
	(850, 'Dr. Silas Thompson', 'brady86@example.org', '', '980bc13ad4f3afb0c3c6588354cc22168b5fdde0', 0, 1, 0),
	(851, 'Miss Barbara Purdy', 'osinski.treva@example.net', '', 'b88ebaa2aa0e973759d498e9465f47e656c438cb', 0, 0, 0),
	(852, 'Dante Cole', 'leonora91@example.org', '', 'bd13e94299d377f84ae1e061486bc3599153a569', 0, 1, 0),
	(853, 'Toby Sawayn', 'elody.block@example.net', '', 'c34d38363caf9ee77a88d1d08909bb2314a9ed88', 0, 0, 0),
	(854, 'Prof. Brooks Homenick IV', 'issac81@example.org', '', '0820568f5de64c3b21d27fa5bdcf87bb1181529f', 0, 0, 0),
	(855, 'Violette Johns DDS', 'bkessler@example.com', '', 'ca6fb270e4c8fc7018131f24c3462625ad080510', 0, 1, 0),
	(856, 'Miles Brekke II', 'norbert40@example.net', '', '749f975e929a7b6d01ebdab5cac7b7014195edf4', 0, 1, 0),
	(857, 'Reymundo Hudson I', 'ylang@example.org', '', 'a6f3088e2555aa5873279ad3d22e82b0ecfba07e', 0, 1, 0),
	(858, 'Prof. Nikko Grimes V', 'schmidt.yoshiko@example.org', '', 'c76d562fea2a62cff978614766bbface9642e3a2', 0, 0, 0),
	(859, 'Naomi Price V', 'uoberbrunner@example.org', '', 'fc6bff5e9d8be7182c22404c7f76302d5cf323cb', 0, 0, 0),
	(860, 'Dr. Vivian Brown', 'joshuah.lynch@example.net', '', '2e4f74146718b030b4c4b24c15b150e033252f4b', 0, 1, 0),
	(861, 'Leonie Padberg', 'maye38@example.org', '', '462ef8cfe83aa3ce060cc9b0a94eb0d07370c8be', 0, 1, 0),
	(862, 'Pauline Moore Sr.', 'reece68@example.net', '', 'e6083ee37d7168faef7c30ea05d4f3058ad05399', 0, 0, 0),
	(863, 'Johanna Weissnat', 'barrett58@example.com', '', '4f1c450ebaac5b9a2fdddea6834f5485a005d11a', 0, 0, 0),
	(864, 'Ms. Cali Wunsch', 'dedrick.rohan@example.com', '', '18037fd5ed12af860feca647da046c5a6afe0383', 0, 1, 0),
	(865, 'Veronica Schaden', 'bins.abner@example.org', '', 'd030b2937f00fbb189f03aa7fdba201413b8e5ae', 0, 0, 0),
	(866, 'Ryan Cartwright', 'jazmyn.grimes@example.org', '', '272b00dac17e45e4febbc346e79e8cccb0973467', 0, 0, 0),
	(867, 'Nathan Wisozk', 'dfriesen@example.org', '', '5908e67fa3060d9e3746965e620917c58b0951cb', 0, 1, 0),
	(868, 'Prof. Santino Gerhold III', 'carlotta09@example.net', '', '866a046ac38db2a3c834c7b76055c8c919056fa6', 0, 0, 0),
	(869, 'Bella Kemmer MD', 'rohan.margaret@example.org', '', '56afb190ff4bfa94e816abc74b342b2cd20d44e2', 0, 1, 0),
	(870, 'Thelma Raynor II', 'juvenal50@example.com', '', 'cebc9be39fb8ed53c0f8b162a0bf69ae34d01eb4', 0, 1, 0),
	(871, 'Prof. Maddison Powlowski MD', 'bwiza@example.org', '', 'b88ae4c6348c7c5b7117937dcc5658fd68306a0b', 0, 0, 0),
	(872, 'Garland Williamson MD', 'armani.wyman@example.org', '', '03d6997f642d95b1f9f1379f14c050bb7ddc31cb', 0, 1, 0),
	(873, 'Devonte Franecki', 'green.hintz@example.org', '', 'dfa97c06f552fbe8e2b33434d0a05ad4bd6f6db9', 0, 0, 0),
	(874, 'Prof. Eula Gerlach', 'wfarrell@example.com', '', 'cf054c93baa790436e34b6af0f9edb191dcb73ff', 0, 1, 0),
	(875, 'Ethel Simonis', 'dgulgowski@example.net', '', '00fbb4ef83c881e6407e194ecc5629ece7673860', 0, 0, 0),
	(876, 'Dr. Barbara Buckridge V', 'bode.amie@example.net', '', '83c478fd7a465e306b921ed9bf27737f8f7ad259', 0, 0, 0),
	(877, 'Isai Jacobi II', 'bmante@example.com', '', '04a311ca6443783f43f8c972915f49d055d232d2', 0, 0, 0),
	(878, 'Sydnee Schowalter', 'tommie.schimmel@example.org', '', '4bd700cc6be7d9460e66b79521682d78fc9941d6', 0, 0, 0),
	(879, 'Silas Leffler', 'ricardo.stoltenberg@example.org', '', 'e102490bad21d0eebd920c25a59a0a4c262fa6aa', 0, 1, 0),
	(880, 'Ansley Farrell', 'jacobs.stanford@example.net', '', '74b0001e4af02650b4d6f44434839d3f10116044', 0, 0, 0),
	(881, 'Prof. Melany Hoeger Jr.', 'vklein@example.net', '', '518f568e86c05202dec3faba2906ad45c13f693e', 0, 1, 0),
	(882, 'Margarita Pfannerstill', 'logan45@example.com', '', '8de17c06392e3851c98c345c6466b7316d033da7', 0, 0, 0),
	(883, 'Shanelle Carroll Jr.', 'dgreenfelder@example.com', '', 'dabce7bfd2af9ef3ca3c969ea64a03218ff80584', 0, 0, 0),
	(884, 'Marco Bayer DDS', 'grayson.gerlach@example.com', '', '714eb5020094c55f6e941f62fe4801777190ec66', 0, 0, 0),
	(885, 'Dr. Rolando Kuhlman', 'ellie.mohr@example.net', '', 'f17c440c50e9e4b4dfdc38eb8e26a9768a69ab67', 0, 0, 0),
	(886, 'Danika Wolf', 'dwilkinson@example.org', '', 'f2db6327a897affc411c4974444e6fb2676cba0f', 0, 1, 0),
	(887, 'Hattie Donnelly', 'robbie.stamm@example.org', '', 'ef6fecef0c88fed0866bba7ff83b56c149945ea5', 0, 0, 0),
	(888, 'Prof. Joany Romaguera', 'tyler.jakubowski@example.net', '', '70ded4084eac70bb42ac0a3171d7b5d5583a06f8', 0, 1, 0),
	(889, 'Prof. Jedidiah Smith', 'jwindler@example.com', '', '290a72d146de2238ad856b952b95dc80796976fc', 0, 0, 0),
	(890, 'Mr. Maverick Hills', 'thaddeus56@example.com', '', '5ebe2d0a03009f7b2297300681a4e3b51d7d8f31', 0, 1, 0),
	(891, 'Tyrel Schmeler', 'rahsaan99@example.org', '', 'bff786bf880ccc0db6b58095a70710aa949d8d08', 0, 0, 0),
	(892, 'Dr. Alejandrin Prohaska', 'dubuque.gina@example.org', '', '56bee0bd28b2eb64e73021bc3f386a5935dfcd9b', 0, 1, 0),
	(893, 'Christina Mosciski', 'adrienne.anderson@example.org', '', '5efda45826364cc347db935b0883b4acb628dc5b', 0, 0, 0),
	(894, 'Elisha Beer', 'tierra93@example.org', '', 'ecdf9095b195816a2074f44063c4def36e326e03', 0, 0, 0),
	(895, 'Dustin Barrows', 'myles20@example.org', '', '8d6d6193d38878e7878a68a08f239ff9ca867c84', 0, 0, 0),
	(896, 'Rae Medhurst', 'clementine91@example.net', '', '42326fa679179a88fb209ad8a8dcdc3ca85b876d', 0, 1, 0),
	(897, 'Maymie Glover', 'summer.russel@example.com', '', '04103289bc87c31cbb1603114fd65e9c9c4d41f3', 0, 1, 0),
	(898, 'Francis Graham', 'aiyana02@example.net', '', '37389db23154962786558c6cbbb18fbc8d8e5947', 0, 0, 0),
	(899, 'Braeden Cummings', 'luigi.gaylord@example.com', '', 'ddd0ed15c21ea79c630521eb8058fc937d03d6ea', 0, 1, 0),
	(900, 'Liza Cartwright', 'bogisich.jeffery@example.com', '', 'ed071589534cacb771e87b917b59214719c58edb', 0, 1, 0),
	(901, 'Bartholome Schiller Jr.', 'ojenkins@example.com', '', '9ad05f06b11456e4548fa8fdf1c7236c40e408b5', 0, 1, 0),
	(902, 'Matilda Abernathy', 'lhintz@example.com', '', '5eda7ec87cb982694f879d49a2f611295daa4c90', 0, 0, 0),
	(903, 'Ms. Jennifer Lebsack II', 'dgibson@example.com', '', '707b36757b11f11a506cd4663fccc40182ffee90', 0, 0, 0),
	(904, 'Dr. Angelita Ondricka Sr.', 'pcartwright@example.org', '', '0bab4dedb04d05ad82da8affb8b7c4ecef24e2cb', 0, 0, 0),
	(905, 'Gavin Hoeger', 'bernardo.nader@example.com', '', 'fffe82340e78ce8648f51c16ec91a8a4a61470f5', 0, 1, 0),
	(906, 'Mazie Waelchi', 'xleuschke@example.com', '', 'cc47351942e4d7fb16a98cd456625d0f13b66f11', 0, 0, 0),
	(907, 'Lance Lindgren', 'marcel.schimmel@example.com', '', '4e309e2521e73df5df493b9029380cab22f29ddc', 0, 0, 0),
	(908, 'Elijah Prosacco', 'loyce.stokes@example.net', '', 'bff7d8df05d87e81817f5768b3faa6848417c722', 0, 1, 0),
	(909, 'Samantha Bogan', 'norval60@example.com', '', 'b5967266279bf58947a11070a9cf780e1fb716d6', 0, 1, 0),
	(910, 'Helga Toy', 'bogisich.sabryna@example.net', '', '9d62efbb3f871c6832c2fa8a5fcbc3b77cc983d4', 0, 0, 0),
	(911, 'Modesta Cassin', 'wisoky.darrick@example.com', '', '37663960643a27f743ef8cb278b115fff7063d8f', 0, 1, 0),
	(912, 'Marcelo Abernathy', 'lauren.considine@example.com', '', '7569830ff3673ba3928bf4f9779b453a1e22bf18', 0, 0, 0),
	(913, 'Coralie Yundt', 'telly62@example.com', '', 'cd631b9297444986b74b04ab5df7814f4a6e350d', 0, 0, 0),
	(914, 'Kathlyn Wilkinson', 'kub.carolyn@example.org', '', 'c4dc425a20ffbf2f9c4a6bbae591ca303213a065', 0, 1, 0),
	(915, 'Ashtyn Becker', 'sarai.jakubowski@example.com', '', '1a736e0ab7fe7900f14c42a3b435752bbdbc6a49', 0, 1, 0),
	(916, 'Mr. Keegan Hayes III', 'jorge.kuhn@example.org', '', '1f920bb903bb52df220ef7901cccbef68e3302d2', 0, 1, 0),
	(917, 'Eulah Mertz', 'rherzog@example.net', '', '8fc5dd952a0f01d61acb976b5846b40396f76ab7', 0, 0, 0),
	(918, 'Dr. Margaretta Little MD', 'ybeer@example.org', '', 'b8e0145cba4905cd2522801337e569f6e582a631', 0, 1, 0),
	(919, 'Elenora Deckow', 'witting.araceli@example.com', '', '0aac6eb3677f7cec683198709d074edf94f2a61b', 0, 1, 0),
	(920, 'Joana Schulist', 'bcronin@example.com', '', '49334b32967ec6faf6e933180e2712246e5f0c39', 0, 0, 0),
	(921, 'Miss Coralie Leffler', 'shyanne66@example.net', '', 'b254ff6f9be3334843a008a90503fd54ab5b30bb', 0, 1, 0),
	(922, 'Jake Bahringer', 'creola.gutmann@example.net', '', '47bed89b9b137a19c93be1ebe1854abb2fb54cc9', 0, 0, 0),
	(923, 'Jaycee Hartmann', 'kkoelpin@example.org', '', 'e8ab32d8ab094c17665154548ec2886561b011f2', 0, 1, 0),
	(924, 'Leda Heller', 'bashirian.leo@example.net', '', '12c5451337d10324eea9a6af4e7b12666d4dfaf1', 0, 1, 0),
	(925, 'Luther Reynolds I', 'zkoepp@example.org', '', '0094ca34421a8de15ac19187a319c0d7299ae895', 0, 1, 0),
	(926, 'Lia Green', 'orion.wyman@example.com', '', '4a522935c2a2f54d57ea63fc34ba5f76bcfafb45', 0, 0, 0),
	(927, 'Sheridan Kuhn', 'anderson31@example.net', '', 'd22dfcc8262f4e60eb35fdafc7328ca0d06497ff', 0, 1, 0),
	(928, 'Prof. Nya Leuschke', 'providenci66@example.org', '', 'ac35caee80d88f3091c3cb7c0161913084aa5ea8', 0, 1, 0),
	(929, 'Elwyn McClure', 'fmiller@example.org', '', '1695820bde6a0911d93903beb28322d18c497794', 0, 1, 0),
	(930, 'Prof. Jaunita Gottlieb', 'howe.furman@example.net', '', 'eedaeb563b0e4755509be6b6a8ef6ec7c140fc92', 0, 1, 0),
	(931, 'Dr. Priscilla Witting DVM', 'armando34@example.org', '', '8384b912a9666f75587da50d3894b70f71d66202', 0, 1, 0),
	(932, 'Moriah Jakubowski', 'ymayer@example.com', '', '308474b88d001480a01d2bb157e01bb0332b0fa3', 0, 0, 0),
	(933, 'Miss Cheyenne Thiel III', 'leone.lowe@example.com', '', 'ca0838ee2a3ed0e26536626ecf2f823d8354ff2d', 0, 0, 0),
	(934, 'Kaylie Abshire', 'mohammed.schmitt@example.com', '', '2874c0df1070b6a1ec78a0c5af1711bb948c629e', 0, 0, 0),
	(935, 'Talia Ullrich', 'dpfannerstill@example.net', '', 'ba2e5561e5183809795aacf744f16faae5dc8857', 0, 0, 0),
	(936, 'Miss Donna Lueilwitz Sr.', 'cfeeney@example.com', '', '9fbfce0c9653e2479561dde7a4fa18537548e75e', 0, 1, 0),
	(937, 'Uriel Armstrong', 'amir61@example.com', '', 'e22ec2ffc80a2c93e3c73fe6943c88fdf42b54e9', 0, 1, 0),
	(938, 'Paxton Hessel', 'steuber.moses@example.org', '', '3462bf46aca1ee5a8dc56aa2e2e488600827dda5', 0, 1, 0),
	(939, 'Mr. Lionel Beatty I', 'reilly.winfield@example.com', '', '0447920d5413d86aeba8f5eaebc8c525e1abd727', 0, 0, 0),
	(940, 'Felicity Bartoletti', 'mitchell21@example.com', '', 'b3788973e61b465a306f769fba17f89c3c3c41f8', 0, 1, 0),
	(941, 'Miss Citlalli Frami II', 'yesenia.runolfsson@example.org', '', '423cd893cad48dd3a3f0151db0f7eb69deadb79c', 0, 1, 0),
	(942, 'Joanie Roberts', 'mills.chadd@example.net', '', 'ab2ee941294324e498d538d3e2125c53f46f1981', 0, 1, 0),
	(943, 'Levi Keeling', 'gemard@example.com', '', 'fd6986f9130ca7dea7ab44ac2e9c5555fb824617', 0, 0, 0),
	(944, 'Dr. Zella Friesen', 'deckow.andrew@example.net', '', '2d3370518b239a975ab528ba33b3f28c1e14ffc2', 0, 0, 0),
	(945, 'Jayden Brekke', 'aidan80@example.org', '', 'fff24d1ac0855ab2146c60e118d0b3d9604a8d34', 0, 1, 0),
	(946, 'Tod Shields IV', 'emmet75@example.net', '', 'd6ca328ac21a978a356247c7773d31fdd994db5b', 0, 1, 0),
	(947, 'Lawson Gislason', 'tierra.o\'connell@example.com', '', 'ae0e2c12d37f8b8f32ed59ebf45331b03a1b5b59', 0, 0, 0),
	(948, 'Glennie Little', 'isai64@example.net', '', '23074167217019719723bf6d983687580056015d', 0, 0, 0),
	(949, 'Prof. Brooks Armstrong', 'tressie99@example.org', '', '3e1491aca06772ffb31fe9261b9b5d1ed011b665', 0, 1, 0),
	(950, 'Laurianne Satterfield Jr.', 'wellington75@example.org', '', '30f5c8570d9c8b58918872a1d4e854acc8e1c01d', 0, 1, 0),
	(951, 'Ricky Abbott', 'percy.dicki@example.org', '', '0541fcaea47b8dc01399a8e5a169453e85f65424', 0, 1, 0),
	(952, 'Anastasia Keeling', 'sanford.d\'angelo@example.org', '', 'b041b51ac52f47e6b02871077e6987cda97c678d', 0, 0, 0),
	(953, 'Dr. Vito Simonis', 'ortiz.brigitte@example.com', '', 'c69d7d08520738dfb914df555a7fb1aa3b4d7be8', 0, 1, 0),
	(954, 'Miss Hortense Erdman', 'ssenger@example.org', '', 'ea58d0fd59ecf708d32b747f1ad82e33886414ac', 0, 0, 0),
	(955, 'Prof. Aniya Haley', 'lang.ransom@example.com', '', '249dc86a5dad9fa217a5d4dd3a2e99eb44efccf7', 0, 1, 0),
	(956, 'Prof. Sarai Ebert', 'tziemann@example.com', '', '1637e12cb0fcb6ff8b041ae5bd7e15edd3a22eac', 0, 0, 0),
	(957, 'Columbus Hills', 'zwhite@example.org', '', '52c5a5c08b2c0f97eead94734bf2e8959ad23223', 0, 1, 0),
	(958, 'Aniya Wintheiser', 'zack58@example.org', '', '2bbbf7254cb04c722bde2ee0bcf9c8a33077dd35', 0, 0, 0),
	(959, 'Prof. Myra Dickinson', 'madisyn.thiel@example.com', '', 'd123165048728477de487b2b120c86959844f7a2', 0, 0, 0),
	(960, 'Ilene Keeling DVM', 'shanelle68@example.com', '', '88495c79c0d6f27df3dddfd70c80cc5bef11fba0', 0, 0, 0),
	(961, 'Letitia Marquardt', 'fsporer@example.org', '', '7eeaf3d0780a727a0ca0ac7c31205237c102d351', 0, 1, 0),
	(962, 'Edgar Rogahn', 'ethel.bechtelar@example.net', '', '1c4041408b4bb40d2c75ca15223c206307c50c64', 0, 0, 0),
	(963, 'Verona Kreiger', 'anastacio.steuber@example.net', '', 'd7dca877232b58c037793a66d3da5bb6e57c4666', 0, 0, 0),
	(964, 'Nola Hagenes', 'ronaldo.bogan@example.net', '', '8d8c697e3fdb4bf7941becf0425503e65f3894e7', 0, 0, 0),
	(965, 'Adriel Waelchi', 'delphia46@example.com', '', '60a7768e7bc2f0ca46a263f22347042cdc49d1a0', 0, 0, 0),
	(966, 'Dr. Joe Schultz', 'gottlieb.rowena@example.com', '', '84c884a6c2628d610ed2a509a72595ab1f27f3bb', 0, 1, 0),
	(967, 'Jack Weber', 'margot16@example.com', '', 'd7f67a77362c0f7d0553e9062be4514720ca923e', 0, 1, 0),
	(968, 'Dr. Julian Barrows', 'moen.marc@example.net', '', '410a852d8b07965f559249f271f759c83c0701c2', 0, 0, 0),
	(969, 'Orin Stark', 'tremblay.kathryne@example.org', '', '0d7113f03484b922217e1c82dec8f0b7e14ba9e4', 0, 0, 0),
	(970, 'Karelle Harris PhD', 'concepcion40@example.com', '', 'bbb000b0a726bf4afa9bfa969e853db95bfb2aec', 0, 0, 0),
	(971, 'Prof. Ernestine Nikolaus Jr.', 'dubuque.belle@example.com', '', '983ffee2af6291995ad0476294862dda3445c13b', 0, 0, 0),
	(972, 'Yesenia Hamill', 'sjones@example.org', '', '5cb03f146093649726c94fe0ea11521a37c3d679', 0, 1, 0),
	(973, 'Prof. Alba Mitchell DDS', 'bstracke@example.com', '', '6a5a13dad2e983f734647719b7875b98a402a561', 0, 0, 0),
	(974, 'Rocky Becker', 'kameron42@example.org', '', '99a1ac3e99e62126cc92ebeb5b3864fdf6b91036', 0, 0, 0),
	(975, 'Harmony Smitham', 'amelia.langosh@example.com', '', 'e6d9b340d2817f3375f2001a822b41e0702ad39c', 0, 1, 0),
	(976, 'Kasandra Willms', 'laverne.quitzon@example.net', '', '054b21449624f77feb26a6c5db61a8a902f65f48', 0, 0, 0),
	(977, 'Dr. Tremaine Torp', 'alexane74@example.org', '', 'fa2ecba2e06bfc901e7fa00881dea5308c33b0dd', 0, 0, 0),
	(978, 'Dr. Giuseppe Brakus PhD', 'barton.vita@example.org', '', '521db5a45dfd40c7c2cf8c91bc579a47e531fffe', 0, 1, 0),
	(979, 'Ethel Ziemann', 'percival.hyatt@example.org', '', 'd432183416a8715d8a84298e137a98790849fb45', 0, 1, 0),
	(980, 'Miss Delta Collins III', 'tremblay.aubrey@example.org', '', 'a21972a493483d77aa4c95253d1814474f679006', 0, 0, 0),
	(981, 'Chaya Lockman Jr.', 'buster94@example.com', '', '09717d23622d73aacccaf83f07239a7278bc4b4d', 0, 1, 0),
	(982, 'Prof. Mariah Legros PhD', 'treva.boehm@example.org', '', '3f81daeabc34051e26e091e87356c7a5092fcde5', 0, 1, 0),
	(983, 'Ms. Sunny Schinner Sr.', 'dejuan04@example.net', '', '7b113923382c947a8091a6baee42ccb196cfb273', 0, 1, 0),
	(984, 'Nya Lynch', 'altenwerth.lamar@example.com', '', '03cd3cd24984f66404002196fa36866bcbce888e', 0, 1, 0),
	(985, 'Prof. Selmer Rippin', 'van.reichel@example.com', '', '78f839379c5a70c3f42a2f7d4ecc179702013c29', 0, 1, 0),
	(986, 'Miss Rebekah Corwin Sr.', 'webster.mclaughlin@example.org', '', '319ac3f9e450b942decb69f7b2506175a93e9d52', 0, 0, 0),
	(987, 'Mrs. Dejah Lebsack DDS', 'vwiza@example.com', '', 'cdbbd2dba9b0f98fb785b4177639d3afa243d1d1', 0, 0, 0),
	(988, 'Alexandrine Hodkiewicz', 'asha98@example.com', '', '014aa87f67bdf777bdf9b66d07941eedd14c654d', 0, 0, 0),
	(989, 'Giles Ruecker', 'ernser.nicholas@example.org', '', '2cce3d273c4121cb956b78b32bbe328fae3d8135', 0, 0, 0),
	(990, 'Trever Schinner', 'maximilian06@example.com', '', 'd07bfb15fab0017a69257e4ea896ab6380ba72e9', 0, 1, 0),
	(991, 'Prof. Gregoria Breitenberg', 'maximilian.connelly@example.com', '', '657fa6c0a6a047057137ee2ed8105b1a4a9f0312', 0, 0, 0),
	(992, 'Ottis Borer', 'rath.violette@example.com', '', '3143e480aab94d7c231a452b440b8493c3d0a3ae', 0, 1, 0),
	(993, 'Madaline Steuber', 'erling.beahan@example.com', '', '1d5cbb414521d3bae752801746edb015eae68532', 0, 1, 0),
	(994, 'Fredy Tremblay', 'nickolas.marks@example.net', '', 'c00224cce0ac22038a820045722e4d6e8c4a9ba0', 0, 1, 0),
	(995, 'Johanna Bashirian', 'mgerlach@example.net', '', '45f9c880c86ebf415bae96e4b5fd6407c9992577', 0, 1, 0),
	(996, 'Yasmin Renner', 'ayana28@example.net', '', '957320483bb962abe10b8e2ee2b224d91133205a', 0, 1, 0),
	(997, 'Mr. Fermin Rolfson PhD', 'elian.d\'amore@example.com', '', '4173254da17f0c1e6c894b68697226f10b4fe2fe', 0, 1, 0),
	(998, 'Dorothy Fay Jr.', 'yhaley@example.net', '', 'b665428e6e5fdd73e1429dd9405e25940ae45389', 0, 0, 0),
	(999, 'Ms. Margret Muller', 'wmosciski@example.org', '', '3001bff8b22f64bcad0da62582e0dbb6a7a51a8d', 0, 0, 0),
	(1000, 'Jade Durgan', 'katlynn.lueilwitz@example.org', '', 'cce54ea1352c9c916a53962e70c1bd184a0ebe4c', 0, 1, 0),
	(1001, 'Ahmad Farhan Zuhdi', 'ahmadfarhanzuhdii@gmail.com', 'team1.jpg', '$2y$10$WnWJ.8UaCr2b8J2YKph0sOF.YzhPvAoc8oUZmYK5wd0oTmBNW1/Uu', 1, 1, 1607743504),
	(1002, 'Fadli Firdaus', 'fadlifirdaus@gmail.com', 'team2.jpg', '$2y$10$uJLoR81Iqg0QeGSYZbykSu2O4ME0C6WAZpCSkG3zx6ccX4iamynQC', 1, 1, 1607743504),
	(1003, 'Silvany Normalita', 'silvany.nusamandiri@gmail.com', 'team3.jpg', '$2y$10$lDa5nlmPir7NQPNIGj0I/O9Fcv5A4Vwde7p//BEY/zm/SqB6b32QO', 1, 1, 1607743504),
	(1004, 'Indah Safitri', 'indahsafitri@gmail.com', 'team4.jpg', '$2y$10$TrhAoYy7bCO3aRD8x7yAResX7821UwnFLV51Kmxx.sZRBfKTtCenS', 1, 1, 1607743504);
/*!40000 ALTER TABLE `user` ENABLE KEYS */;

-- Dumping structure for table psikotestbox.user_access_menu
CREATE TABLE IF NOT EXISTS `user_access_menu` (
  `id` int(11) NOT NULL AUTO_INCREMENT,
  `role_id` int(11) NOT NULL,
  `menu_id` int(11) NOT NULL,
  PRIMARY KEY (`id`)
) ENGINE=InnoDB AUTO_INCREMENT=13 DEFAULT CHARSET=latin1;

-- Dumping data for table psikotestbox.user_access_menu: ~3 rows (approximately)
/*!40000 ALTER TABLE `user_access_menu` DISABLE KEYS */;
INSERT INTO `user_access_menu` (`id`, `role_id`, `menu_id`) VALUES
	(1, 1, 1),
	(2, 1, 2),
	(3, 2, 2);
/*!40000 ALTER TABLE `user_access_menu` ENABLE KEYS */;

-- Dumping structure for table psikotestbox.user_menu
CREATE TABLE IF NOT EXISTS `user_menu` (
  `id` int(11) NOT NULL AUTO_INCREMENT,
  `menu` varchar(128) NOT NULL,
  PRIMARY KEY (`id`)
) ENGINE=InnoDB AUTO_INCREMENT=3 DEFAULT CHARSET=latin1;

-- Dumping data for table psikotestbox.user_menu: ~2 rows (approximately)
/*!40000 ALTER TABLE `user_menu` DISABLE KEYS */;
INSERT INTO `user_menu` (`id`, `menu`) VALUES
	(1, 'Admin'),
	(2, 'User');
/*!40000 ALTER TABLE `user_menu` ENABLE KEYS */;

-- Dumping structure for table psikotestbox.user_role
CREATE TABLE IF NOT EXISTS `user_role` (
  `id` int(11) NOT NULL AUTO_INCREMENT,
  `role` varchar(128) NOT NULL,
  PRIMARY KEY (`id`)
) ENGINE=InnoDB AUTO_INCREMENT=3 DEFAULT CHARSET=latin1;

-- Dumping data for table psikotestbox.user_role: ~2 rows (approximately)
/*!40000 ALTER TABLE `user_role` DISABLE KEYS */;
INSERT INTO `user_role` (`id`, `role`) VALUES
	(1, 'Administrator'),
	(2, 'Member');
/*!40000 ALTER TABLE `user_role` ENABLE KEYS */;

-- Dumping structure for table psikotestbox.user_sub_menu
CREATE TABLE IF NOT EXISTS `user_sub_menu` (
  `id` int(11) NOT NULL AUTO_INCREMENT,
  `menu_id` int(11) NOT NULL,
  `title` varchar(128) NOT NULL,
  `url` varchar(128) NOT NULL,
  `icon` varchar(128) NOT NULL,
  `is_active` int(1) NOT NULL,
  PRIMARY KEY (`id`)
) ENGINE=InnoDB AUTO_INCREMENT=12 DEFAULT CHARSET=latin1;

-- Dumping data for table psikotestbox.user_sub_menu: ~9 rows (approximately)
/*!40000 ALTER TABLE `user_sub_menu` DISABLE KEYS */;
INSERT INTO `user_sub_menu` (`id`, `menu_id`, `title`, `url`, `icon`, `is_active`) VALUES
	(1, 1, 'Dashboard', 'admin', 'fas fa-fw fa-tachometer-alt', 1),
	(2, 1, 'Menu Management', 'admin/menu', 'fas fa-fw fa-folder', 1),
	(3, 1, 'Sub Menu Management', 'admin/submenu', 'fas fa-fw fa-folder-open', 1),
	(4, 1, 'Role', 'admin/role', 'fas fa-fw fa-user-tie', 1),
	(5, 2, 'Home', 'user', 'fas fa-fw fa-house-user', 1),
	(6, 2, 'Profile', 'user/profile', 'fas fa-fw fa-user', 1),
	(7, 2, 'Edit Profile', 'user/edit', 'fas fa-fw fa-user-edit', 1),
	(8, 2, 'Change Password', 'user/changepassword', 'fas fa-fw fa-key', 1),
	(9, 2, 'Psikotes', 'test', 'fas fa-fw fa-clipboard-list', 1);
/*!40000 ALTER TABLE `user_sub_menu` ENABLE KEYS */;

-- Dumping structure for table psikotestbox.user_token
CREATE TABLE IF NOT EXISTS `user_token` (
  `id` int(11) NOT NULL AUTO_INCREMENT,
  `email` varchar(128) NOT NULL,
  `token` varchar(128) NOT NULL,
  `date_created` int(11) NOT NULL,
  PRIMARY KEY (`id`)
) ENGINE=InnoDB AUTO_INCREMENT=20 DEFAULT CHARSET=utf8mb4;

-- Dumping data for table psikotestbox.user_token: ~6 rows (approximately)
/*!40000 ALTER TABLE `user_token` DISABLE KEYS */;
INSERT INTO `user_token` (`id`, `email`, `token`, `date_created`) VALUES
	(14, 'fadlifirdaus@gmail.com', 'dp+TJviemkin2XDkm6NmTpptLMSc6yHcRvL54Wzlgag=', 1607904042),
	(15, 'fadlifirdaus@gmail.com', 'aYFX0cRxgXW+yMcyaBZJnxvb8sg2Be4ZZotvbrSDqLY=', 1607954105),
	(16, 'fadlifirdaus@gmail.com', 'G4tdJQMbDrJ8T1pIyC+H1/AldISz3B7RFEz/UjRslUs=', 1607954432),
	(17, 'fadlifirdaus@gmail.com', 'vJFUxcZkmQJRRKv+rlIGMRX5VHLLDUBcjoRIBhdCgvs=', 1607954439),
	(18, 'fadlifirdaus@gmail.com', 'v7+6tbFWir4lmTqpvbqFtbMUzapqmyT3RQG7rpKaXgY=', 1607954484),
	(19, 'fadlifirdaus@gmail.com', 'q4gpPHETAzk/kNmw8x6f5kFP3dLLPERGK01mwmRspzo=', 1607954496);
/*!40000 ALTER TABLE `user_token` ENABLE KEYS */;

/*!40101 SET SQL_MODE=IFNULL(@OLD_SQL_MODE, '') */;
/*!40014 SET FOREIGN_KEY_CHECKS=IF(@OLD_FOREIGN_KEY_CHECKS IS NULL, 1, @OLD_FOREIGN_KEY_CHECKS) */;
/*!40101 SET CHARACTER_SET_CLIENT=@OLD_CHARACTER_SET_CLIENT */;
/*!40111 SET SQL_NOTES=@OLD_SQL_NOTES */;
